Manufacturer	Model	Type	Status	Size [in]	Re [ohm]	fs [Hz]	Qms	Qes	Qts	Rms [Ns/m]	Mms [g]	Cms [mm/N]	Vas [l]	Sd [cm2]	BL [Tm]	Pmax [W]	Xmax [mm]	Beta	Z1k [ohm]	Z10k [ohm]	Le [mH]	Leb [mH]	Ke [sH]	Rss [ohm]	USPL [dB]	BL²/Re	Revision	Updated
AE Speakers	Dipole15	S		15	12.3	21.7	15.2	1	0.94	0.81	90	0.7	623	855	12.2	200	12	0			0.15				88.2	12.1		
AE Speakers	TD15H	S		15	6.5	21	4.23	0.27	0.26	4	129	0.45	467	855	20.1	500	14				0.3				94.9	62.16		
AE Speakers	TD15M			15	6.6	34.7	5.09	0.35	0.33	3	70	0.3	312	855	17	500	6				0.2				98.5	43.79		
AE Speakers	TD15S	S		15	5.3	22.8	3.87	0.41	0.37	4	108	0.45	467	855	14.1	500	14	0			0.3				95.1	37.51		
AE Speakers	TD15X	S		15	5.6	23.2	3.82	0.31	0.28	4	105	0.45	467	855	16.7	500	14	0			0.3				96.3	49.8		
ASE	18WN225-08				5.7	47	2.8	0.42	0.37	1.385	13.1	0.873	25	143	7.26	60	3		8	18					91.4	9.25		2017-07-01/Data import
ASE	M21WO39-08				5.5	28	1.97	0.35	0.3	2.125	23.8	1.358	105	235	8.11	80	6		12	30					91.8	11.96		2017-07-01/Data import
ASE	MG18WJ09-08				5.6	49	7.58	0.46	0.43	0.563	13.9	0.761	20	137	7.21	60	4.2		8	18					90.6	9.28		2017-07-01/Data import
ASE	XW18 325-8				5.8	40	5.87	0.39	0.37	0.451	10.5	1.502	35	129	6.28	60	4.5		8	18					91	6.8		2017-07-01/Data import
Atomic	1050			10	3.7	32.9	2.82	0.46	0.4	3.17	43.3	0.54	68.1	300	8.46	250	2.75				1.08				92.6	19.34		
Atomic	1094			10	3.9	34.2	2.88	0.6	0.5	4.46	59.8	0.36	45.6	300	9.11	400	5.25				1.19				89.9	21.28		
Atomic	1250			12	3.7	27.1	2.63	0.47	0.4	4.05	62.6	0.55	215	528	9.13	250	3.5				1.9				94.9	22.53		
Atomic	1294			12	3.2	31	7.76	0.34	0.33	1.96	78	0.34	132	528	11.96	400	3.5				1.89				96.6	44.7		
Atomic	1550			15	3.4	32.4	2.78	0.5	0.42	6.31	86.1	0.28	317	900	10.92	250	3.5				1.01				99.1	35.07		
Atomic	1595			15	3.2	29.6	4.4	0.72	0.62	4.37	103.5	0.28	317	900	9.26	400	3.5				1.53				96.6	26.8		
Atomic	630			6.5	3.6	38.2	4.73	0.4	0.37	0.81	16	1.1	23.7	125	5.88	60	4				1				90.7	9.6		
Atomic	850			8	3.6	32.1	1.8	0.24	0.21	3.54	31.6	0.78	52.6	220	9.8	100	3	0			1				94.1	26.68		
Atomic	894			8	3.4	26.5	1.94	0.25	0.22	3.77	43.9	0.82	55.7	220	9.93	200	3				0.98				91.9	29		
Audax	AM210G0				5.8	28	3.2	0.29	0.27	1.19	21.6	1.492	103	222	8.73	100	4.5		10	38					92.3	13.14		2017-07-01/Data import
Audax	AT080M0	M		3	6.1	80.6	2.23	0.97	0.68	0.58	2.55	1.5	1.8	29	2.85	20	1.5				0.26				83.1	1.33		
Audax	AT100M0	M		4	5.7	64.7	2.36	0.62	0.49	0.86	5	1.2	4.41	51	4.32	30	3				0.3				86.3	3.27		
Audax	BMH 405	W		6.5	6.7	30.5	3.75	0.35	0.32	0.83	16.26	1.7	35	122	7.74	30	3.5				0.64				87.3	8.94		
Audax	BMH 406	W		8	6.9	26.6	3.52	0.39	0.35	1.16	24.4	1.5	82	200	8.5	40	3.5				0.85				88.6	10.47		
Audax	HD38S100				5.5	15	4.39	0.13	0.13	2.495	116.2	0.969	980	850	21.53	200	4		10	40					97.7	84.28		2017-07-01/Data import
Audax	HD38S100_strong				5.5	15	4.39	0.13	0.13	2.495	116.2	0.969	980	850	21.53	200	4		10	40					97.7	84.28		2017-07-01/Data import
Audax	HM100X2	M		4	5.2	233.3	4.41	0.6	0.53	0.9	2.71	0.17	0.65	52	5.85	40	0.4				0.35				95.3	6.58		
Audax	HM100Z0	M		4	6.4	213.7	3.65	0.97	0.77	0.92	2.5	0.22	0.84	52	4.7	40	1.25				0.19				92.2	3.45		
Audax	HM130C0				6.2	58	4	0.3	0.28	0.584	6.4	1.174	10	78	6.95	60	2.1		8	23					91.2	7.79		2017-07-01/Data import
Audax	HM130G0			5	6.2	41	3.27	0.25	0.23	0.52	6.6	2.3	23.1	85	6.47	50	2.3				0.39				91.1	6.75		
Audax	HM130Z0			5	6.4	68.1	12.02	0.32	0.31	0.21	5.9	0.93	8.3	80	7.1	50	2				0.22				92.1	7.88		
Audax	HM130Z10				6.2	58	4	0.3	0.28	0.584	6.4	1.174	10	78	6.95	60	2.1		8	23					91.2	7.79		2017-07-01/Data import
Audax	HM130Z12				6.1	50	4.1	0.41	0.37	0.551	7.2	1.408	12	78	5.8	60	3		9	28					88.8	5.51		2017-07-01/Data import
Audax	HM170G0	W		6.5	6.6	42.1	7.87	0.38	0.36	0.4	11.9	1.2	32.5	139	7.4	60	3				0.41				90.9	8.3		
Audax	HM170MN0				6.4	40	8.1	0.37	0.35	0.303	9.8	1.619	36	126	6.52	80	3.5		8	26					90.9	6.64		2017-07-01/Data import
Audax	HM170X2	W		6.5	6	46.4	10.75	0.46	0.44	0.29	10.7	1.1	29.8	139	6.4	70	3.25				0.31				91.4	6.83		
Audax	HM170Z0	W		6.5	6.2	38.8	6.03	0.42	0.39	0.4	9.9	1.7	45.3	138	6	60	3.75				0.34				91.1	5.81		
Audax	HM170Z18	W		6.5	6.1	37.7	4.56	0.34	0.31	0.62	12	1.5	33	126	7.17		3.3		8	26					90.3	8.43		
Audax	HM210C0				6.3	28	8.5	0.29	0.28	0.462	22.3	1.449	100	222	9.23	100	4.5		10	37					91.8	13.52		2017-07-01/Data import
Audax	HM210G0	W		8	6.4	30.2	2.72	0.37	0.32	1.26	18.1	1.5	116	232	7.75	70	4.15				0.58				92.3	9.38		
Audax	HM210K0	W		8	6.2	28.3	1.78	0.37	0.31	2.06	20.6	1.5	108	224	7.8	70	4.5				0.61				91.3	9.81		
Audax	HM210X0	W		8	6.4	29.7	8.69	0.26	0.25	0.58	27	1.1	80	232	11.23	70	4.15				0.66				92	19.71		
Audax	HM210Z0	W		8	6.3	28.8	6.43	0.4	0.38	0.59	21	1.5	108	230	7.7	70	4.25				0.47				91.1	9.41		
Audax	HT080M0	M		3	5.9	79.2	2.44	0.78	0.59	0.51	2.5	1.6	1.9	29	3.07	20	1.5				0.21				84.2	1.6		
Audax	HT100K0	M		4	5.9	57	2.11	0.47	0.39	0.89	5.23	1.5	5.21	50	4.83	30	3				0.34				86.4	3.95		
Audax	HT130F0			5	6.5	47.1	1.97	0.28	0.24	1.56	10.4	1.1	11.1	85	8.5	40	2.5				0.39				89.1	11.12		
Audax	HT130K0			5	6.5	43.6	1.7	0.29	0.25	1.22	7.57	1.8	17.8	85	6.8	40	2.5				0.14				90	7.11		
Audax	HT170K0	W		6.5	6.7	47.6	2.14	0.52	0.42	1.86	13.3	0.84	23.1	140	7.13	50	2.5				0.25				89.6	7.59		
Audax	HT170ST2				6.3	44	5.3	0.29	0.27	0.617	11.8	1.107	27	132	8.43	60	3.1		11	37					92	11.28		2017-07-01/Data import
Audax	HT210M2	W		8	6.3	38.1	1.81	0.48	0.38	2	15.1	1.2	103	252	6.9	80	4.5				0.51				93.8	7.56		
Audax	HT240G4				3	28	11.8	0.31	0.3	1.057	70.9	0.456	67	324	10.99	200	8		11	49					93	40.26		2017-07-01/Data import
Audax	HT240M0			10	6.3	28.3	1.83	0.47	0.37	2.23	23	1.4	223	340	7.41	80	4.5				0.6				93.4	8.72		
Audax	LFH 506			12	5.2	15.9	1.62	0.26	0.22	3.43	55.45	1.8	708	530	10.6	90	4.5				0.84				94.3	21.61		
Audax	LFH 508			12	5.2	29.9	2.75	0.3	0.27	2.81	41.15	0.69	232	491	11.5	120	2.5				0.6				97	25.43		
Audax	LFP 502			12	5.8	22.8	2.17	0.25	0.22	4.74	71.9	0.68	267	530	15.6	150	3.5				1.28				94.4	41.96		
Audax	PR170M0				6.2	125	2.7	0.47	0.4	1.963	6.7	0.24	6.5	139	8.36	200	0.5		8	18					97.4	11.27		2017-07-01/Data import
Audax	PR17HR100 Hifisound				6.3	150	4.22	0.57	0.5	1.258	5.6	0.2	6.3	150	7.66	100	1		8	13					98.8	9.31		2017-07-01/Data import
Audax	PR240M0				6.1	32	6.13	0.58	0.53	0.783	23.9	1.036	188	360	7.11	100	4		9	27					93.4	8.29		2017-07-01/Data import
Audax	PR240M0_rev				6.2	34	2.62	0.45	0.38	2.748	33.7	0.65	118	360	9.96	100	4		9	27					93.2	16		2017-07-01/Data import
Audax	PR240M6				5.5	25	2.5	0.29	0.26	2.233	35.5	1.141	207	360	10.29	120	4		9	27					94.1	19.25		2017-07-01/Data import
Audax	PR240T4				6.2	30	3.9	0.11	0.11	1.198	24.8	1.135	206	360	16.23	250	3		11	43					100.1	42.49		2017-07-01/Data import
Audax	PR240Z2				3.2	25	8.1	0.27	0.26	1.136	58.6	0.692	112	340	10.44	120	5		9	42					94.1	34.06		2017-07-01/Data import
Audax	PR300M0			12	5.7	17	3.52	0.28	0.26	1	33	2.7	1012	521	8.4	100	4.4				0.42				96	12.38		
Audax	PR330M0				6	26	6.1	0.21	0.2	1.956	73	0.513	208	538	18.46	250	4		11	50					95.7	56.8		2017-07-01/Data import
Audax	PR380M0			15	6.1	18.8	4.83	0.22	0.21	2.81	115	0.63	710	900	19.2	150	3.8				0.74				96.5	60.43		
Audax	PR380M2			15	5.8	23.7	1.39	0.18	0.16	14.6	136	0.33	376	900	25.8	350	5.5		13	60	0.75				97.8	114.77		
Audax	PR380T0			15	6	52.3	4.12	0.76	0.64	6.33	79.5	0.12	130	892	14.4	150	4.15				0.65				97.1	34.56		
Audax	TX11X25RSN Hifisound				5.9	160	2.6	0.56	0.46	1.696	4.4	0.226	1.1	59	6.82	60	4		8	18					92.4	7.88		2017-07-01/Data import
Audes	40W65-8	W		6.5	6.4	34	2.7	0.48	0.41	1.98	25.05	0.87	24	140	7.6	75	4								85.9	9.02		
Audes	70W81-8	W		8	6.2	32	2.7	0.49	0.41	2.54	34.15	0.72	56	235	8.2	100	4								88.8	10.85		
Audes	75W102-8			10	6.2	36.3	3.67	0.62	0.53	2.58	41.55	0.46	75	340	9.7	130	4.5								90.7	15.18		
Audes	75W82-8	W		8	6.2	35.2	2.18	0.51	0.41	3.55	35.04	0.58	45	235	9.7	130	4.5								89	15.18		
Audes	75W83-8	W		8	6.2	35	2.2	0.42	0.35	3.55	35.53	0.58	45	235	9.7	130	4.5								89.7	15.18		
Audio Nirvana	Super 10			10	7.2	32	3.78	0.3	0.28	0.9	17	1.3	238.8	359	9.06										96.6	11.4		
Audio Nirvana	Super 12			12	7.2	37.4	28.57	0.61	0.56	0.23	28.57	0.49	230.5	580	8.87										95.4	10.93		
Audio Technology	Flexunits 10 A 77 25 10			10	5.4	25	2.32	0.29	0.26	2.92	43.07	0.94	140	326	11.17	200	4.3				0.76				92.5	23.11		
Audio Technology	Flexunits 12 B 77 25 10			12	5.4	25	2.5	0.34	0.3	3.78	60.2	0.67	250	515	12.24	250	4.3				0.76				94.3	27.74		
Audio Technology	Flexunits 4 H 52 06 13	M		4	5.3	41	1.45	0.36	0.29	1.5	8.45	1.8	23	96	5.66	120	2				0.36				90.2	6.04		
Audio Technology	Flexunits 5 H 52 15 06 SD			5	5.6	40	1.8	0.39	0.32	2.04	14.6	1.1	28.5	137	7.26	150	2.6				0.13				90.2	9.41		
Audio Technology	Flexunits 6 H 52 17 06 SD	W		6	5.5	32	1.76	0.33	0.28	1.84	16.13	1.5	65	174	7.35	160	3.25				0.13				91.7	9.82		
Audio Technology	Flexunits 8 I 52 20 08 SD	W		8	6	33	1.85	0.3	0.26	2.64	23.5	1	70	225	9.96	180	4				0.2				92.5	16.53		
AuraSound	NRT18-8				5.3	24	5.5	0.26	0.25	5.548	202.3	0.217	468	1240	24.94	800	12.5		22.3	39.6					97.7	117.36		2017-07-01/Data import
AuraSound	NS10-513-4A				3.16	25.8	5.4	0.29	0.28	2.893	96.4	0.395	66.2	346	13.05	200	10		8.6	16.7					92	53.89		2017-07-01/Data import
AuraSound	NS10-794-4A				3.46	30	4.2	0.31	0.29	4.678	104.2	0.27	38	317	14.81	400	11.5		7.93	14.1					90.8	63.39		2017-07-01/Data import
AuraSound	NS12-513-4A				2.86	21.3	7.9	0.38	0.36	2.305	136.1	0.41	145.4	503	11.71	200	10		8.2	16.1					92.1	47.95		2017-07-01/Data import
AuraSound	NS12-794-4A				3.2	23.8	5.8	0.51	0.47	4.787	185.7	0.241	80	487	13.2	400	11.5		8	14.2					89.2	54.45		2017-07-01/Data import
AuraSound	NS18-992-4A				3	18.2	7.9	0.54	0.51	6.035	417	0.183	348	1164	16.28	800	12.5		10.11	38.63					92.2	88.35		2017-07-01/Data import
AuraSound	NS3-193-8A				7.4	73	6.6	0.73	0.66	0.278	4	1.189	1.6	31	4.31	50	3.1		10.34	34.84					81.6	2.51		2017-07-01/Data import
AuraSound	NSF8-495-4A				2.65	38	5.5	0.31	0.29	2.678	61.7	0.284	15.3	196	11.22	100	3.5		11.6	47.7					91.1	47.51		2017-07-01/Data import
AuraSound	NSF8-495-8B				6	42	5.5	0.49	0.45	2.206	46	0.312	16.8	196	12.19	100	6		17	67					87.3	24.77		2017-07-01/Data import
AuraSound	NSW1-205-8A				6.1	182	2.3	1	0.7	0.25	0.5	1.52	0.06	5.31	1.87	20	1.5		6.5	9.4					78.8	0.57		2017-07-01/Data import
AuraSound	NSW2-326-8AT				6.1	188	6.5	0.9	0.79	0.199	1.1	0.656	0.16	13.2	2.96	30	1.8		6.8	13.1					83.9	1.44		2017-07-01/Data import
B&C Speakers	10CL51	W	Active	10	5.2	60	3.8	0.44	0.39	3.23	32	0.216	31	320	12	150	6				0.8				95.7	27.69		2016-03-01/Datasheet Import
B&C Speakers	10FW64	W	Active	10	5	63	3.4	0.25	0.23	3.95	34	0.188	27	320	16.4	250	5				0.9				98.4	53.79		2016-03-01/Datasheet Import
B&C Speakers	10HPL64	W	Active	10	5.4	61	4.5	0.33	0.31	2.6	29	0.223	32	320	15	200	4				0.5				97.1	41.67		2016-03-01/Datasheet Import
B&C Speakers	10MD26	W	Active	10	5.8	76	4.8	0.22	0.21	3.14	31	0.139	20	320	19.6	350	1.5				1.2				99.4	66.23		2016-03-01/Datasheet Import
B&C Speakers	10NDL64	W	Active	10	5.7	56	3.4	0.29	0.26	3.87	37	0.216	31	320	16.2	250	6				0.9				96.2	46.04		2016-03-01/Datasheet Import
B&C Speakers	10NW64	W	Active	10	5.2	50	4.5	0.27	0.26	3.7	47	0.191	27.5	320	17.5	300	8				0.47				94.9	58.89		2016-03-01/Datasheet Import
B&C Speakers	12BG100	W	Active	12	5.1	39	6.8	0.35	0.33	5.61	152	0.107	41	522	23	1000	10.5				1.6				92.4	103.73		2016-03-01/Datasheet Import
B&C Speakers	12CL64	W	Active	12	5.5	52	4.3	0.32	0.3	4.26	55	0.167	64	522	17.5	250	4.5				1.1				98.1	55.68		2016-03-01/Datasheet Import
B&C Speakers	12CL76	W	Active	12	5.2	48	4.8	0.22	0.21	4.49	70	0.154	59	522	22.4	350	6				1.5				98.6	96.49		2016-03-01/Datasheet Import
B&C Speakers	12CXN76	W	Active	12	5	42	8	0.2	0.19	1.52	47	0.3117	120	522	17.6	350	4	0			0.8				100.5	61.95		2022-11-08/Janne Panu
B&C Speakers	12FCX76	W	Active	12	5.3	47	11	0.35	0.34	1.445	54	0.213	82	522	15.6	350	6.5	0			1.3				97.6	45.92		2022-11-08/Janne Panu
B&C Speakers	12FW64	W	Active	12	5.2	55	3.5	0.32	0.29	4.95	47	0.167	64	522	15.5	250	5				1				99.1	46.2		2016-03-01/Datasheet Import
B&C Speakers	12FW76	W	Active	12	5.1	54	3.8	0.18	0.18	6.57	75	0.118	45	522	26.4	500	7				1.4				99.9	136.66		2016-03-01/Datasheet Import
B&C Speakers	12HPL76				5.7	49	2.5	0.26	0.24	5.448	44.2	0.238	91	522	17.28	700	4		8	8					99.6	52.39		2017-07-01/Data import
B&C Speakers	12MH32	W	Active	12	5.2	53	7.2	0.2	0.19	2.53	54	0.165	63	522	22.3	400	5				0.83				100.6	95.63		2016-03-01/Datasheet Import
B&C Speakers	12NBX100	W	Active	12	5.1	41	3.9	0.24	0.22	7.72	117	0.129	51	531	25.6	1000	10				1.9				95.6	128.5		2016-03-01/Datasheet Import
B&C Speakers	12NDL76	W	Active	12	5.3	50	4.2	0.21	0.2	3.97	53	0.191	73	522	20.1	400	6.5				1				100.2	76.23		2016-03-01/Datasheet Import
B&C Speakers	12NDL88	W	Active	12	5	51	5	0.29	0.27	4.59	71	0.136	52	522	19.9	700	8				1.3				97.8	79.2		2016-03-01/Datasheet Import
B&C Speakers	12NW100	W	Active	12	5.1	42	3.6	0.21	0.2	9.48	119	0.111	44	531	28	1000	9				1.9				95.9	153.73		2016-03-01/Datasheet Import
B&C Speakers	12NW76	W	Active	12	5.3	40	3.7	0.17	0.16	5.4	77	0.199	76	522	25.5	500	8				1.25				98.4	122.69		2016-03-01/Datasheet Import
B&C Speakers	12PE32	W	Active	12	5.8	51	7.6	0.19	0.18	1.56	37	0.264	101	522	19.1	250	2.8				1.2				101.9	62.9		2016-03-01/Datasheet Import
B&C Speakers	12PLB100	W	Active	12	5.1	50	9.2	0.38	0.37	2.91	77	0.119	47	531	18.4	600	9				1.6				95.8	66.38		2016-03-01/Datasheet Import
B&C Speakers	12PLB76	W	Active	12	5	50	5.3	0.24	0.23	3.06	51	0.196	75	522	18.6	350	5				1.2				100	69.19		2016-03-01/Datasheet Import
B&C Speakers	12PS100	W	Active	12	5.3	44	3.9	0.29	0.27	7.79	106	0.119	47	531	22.5	700	8				2				95.2	95.52		2016-03-01/Datasheet Import
B&C Speakers	12TBX100	W	Active	12	5.1	42	6.9	0.27	0.26	5.78	119	0.095	37.5	531	25.5	1000	9				1.6				94.1	127.5		2016-03-01/Datasheet Import
B&C Speakers	14NDL76	W	Active	14	5	41	8.2	0.31	0.3	2.71	85	0.175	123	707	19	500	8				1.1				98.4	72.2		2016-03-01/Datasheet Import
B&C Speakers	14NDL88	W	Active	14	5	45	7.8	0.31	0.3	3.13	86	0.145	102	707	19.9	700	8				1.2				98.8	79.2		2016-03-01/Datasheet Import
B&C Speakers	15BG100	W	Active	15	5.1	36	5	0.49	0.44	10.92	240	0.081	83	855	23	1000	10.5				1.6				92.9	103.73		2016-03-01/Datasheet Import
B&C Speakers	15CL76	W	Active	15	5.1	42	7.9	0.34	0.33	3.63	108	0.132	135	855	21	400	7				1.3				98.6	86.47		2016-03-01/Datasheet Import
B&C Speakers	15CXN76	W	Active	15	5.1	38	5.8	0.3	0.28	3.032	82	0.2382	246	855	17.8	400	4.5	0			0.9				100.5	62.13		2022-11-08/Janne Panu
B&C Speakers	15CXN88	C	Active	15	5	40	10.3	0.26	0.25	2.242	93	0.1723	178	855	21.2	500	9.5	0			1.05				100.5	89.89		2022-11-08/Janne Panu
B&C Speakers	15FW76	W	Active	15	5.1	40	5.1	0.22	0.21	5.78	117	0.135	138	855	26.2	500	7				1.4				100	134.6		2016-03-01/Datasheet Import
B&C Speakers	15FW88	W	Active	15	5.2	49	9.3	0.45	0.43	3.479	106.8	0.1004	103.7	855	19.27	700	8	0			0.81				98.2	71.41		2023-06-17/Kimmo Saunisto
B&C Speakers	15NA100	W	Active	15	5.1	47	6.1	0.29	0.28	6.45	136	0.086	88	855	26.3	800	10				1.2				98.9	135.63		2016-03-01/Datasheet Import
B&C Speakers	15NBX100	W	Active	15	5.1	36	4.2	0.31	0.29	8.63	151	0.122	125	855	25	1000	10				2				96.7	122.55		2016-03-01/Datasheet Import
B&C Speakers	15NDL76	W	Active	15	5.3	37	4.5	0.24	0.22	5.03	96	0.19	195	855	22.5	500	7				1.5				99.9	95.52		2016-03-01/Datasheet Import
B&C Speakers	15NDL88	W	Active	15	5	45	6.1	0.36	0.34	4.71	102	0.123	126	855	20.1	700	8				1.25				99.1	80.8		2016-03-01/Datasheet Import
B&C Speakers	15NW100	W	Active	15	5.1	33	4.3	0.23	0.22	8.25	173	0.136	139	855	28	1000	9				1.9				97.3	153.73		2016-03-01/Datasheet Import
B&C Speakers	15NW76	W	Active	15	5.3	42	4.3	0.23	0.22	6.94	104	0.127	130	855	25.5	600	8				1.25				100	122.69		2016-03-01/Datasheet Import
B&C Speakers	15PLB76	W	Active	15	5	42	5.9	0.26	0.25	4.01	88	0.16	164	855	22.1	400	5				1.3				100.7	97.68		2016-03-01/Datasheet Import
B&C Speakers	15PS100	W	Active	15	5.3	33	4.8	0.33	0.31	6.79	145	0.148	152	855	22.5	700	8				2.1				96	95.52		2016-03-01/Datasheet Import
B&C Speakers	15PZB100	W	Active	15	5.2	39	6.5	0.3	0.29	5.87	154	0.107	110	855	25.8	700	8				2				97.2	128.01		2016-03-01/Datasheet Import
B&C Speakers	15SW100	W	Active	15	5.4	37	4.8	0.34	0.31	8.38	176	0.107	110	855	25.6	1500	12.5				2.2				95.9	121.36		2016-03-01/Datasheet Import
B&C Speakers	15SW115	W	Active	15	5.2	35	4.4	0.25	0.24	9.66	200	0.107	110	855	30	1700	13.5				1.8				96.6	173.08		2016-03-01/Datasheet Import
B&C Speakers	15TBW100	W	Active	15	5.3	39	4.4	0.33	0.31	9.87	181	0.094	96	855	26.4	1500	12				2.2				96.2	131.5		2016-03-01/Datasheet Import
B&C Speakers	15TBX100	W	Active	15	5.1	35	5.2	0.3	0.28	7.95	163	0.11	113	855	25.5	1000	9				1.6				96	127.5		2016-03-01/Datasheet Import
B&C Speakers	18IPAL	W	Active	18	1.3	32	4.2	0.14	0.14	14.8	330	0.08	164	1210	24.5	1700	20				0.65				105.7	461.73		2016-03-01/Datasheet Import
B&C Speakers	18NBX100	W	Active	18	5.2	35	5.6	0.4	0.38	8.46	217	0.096	198	1210	24.8	1200	10				1.85				97.1	118.28		2016-03-01/Datasheet Import
B&C Speakers	18NW100	W	Active	18	5.1	31	4.2	0.27	0.26	9.79	211	0.12	252	1210	28	1200	9				1.7				98.4	153.73		2016-03-01/Datasheet Import
B&C Speakers	18PS100	W	Active	18	5.3	30	4.6	0.41	0.39	9.69	202	0.119	245	1210	22.5	700	8				2.1				95.9	95.52		2016-03-01/Datasheet Import
B&C Speakers	18PZB100	W	Active	18	5.3	30	8.8	0.25	0.24	3.65	170	0.165	297	1134	26	700	8				2.1				98.8	127.55		2016-03-01/Datasheet Import
B&C Speakers	18RBX100	W	Active	18	5.1	35	7.3	0.36	0.34	5.93	199	0.105	220	1225	25.1	1000	10				1.5				98.1	123.53		2016-03-01/Datasheet Import
B&C Speakers	18SW100	W	Active	18	5.3	35	5.9	0.4	0.38	8.76	234	0.088	180	1210	26.1	1500	12.5				2.2				96.6	128.53		2016-03-01/Datasheet Import
B&C Speakers	18SW115	W	Active	18	5.3	32	5.6	0.32	0.3	9.87	275	0.091	187	1210	30.3	1700	14				1.9				96.6	173.22		2016-03-01/Datasheet Import
B&C Speakers	18TBW100	W	Active	18	5.3	35	8	0.41	0.39	6.69	245	0.085	175	1210	26.4	1500	12				2.45				96.4	131.5		2016-03-01/Datasheet Import
B&C Speakers	18TBX100	W	Active	18	5.1	34	7.2	0.37	0.35	6.31	209	0.103	212	1210	25.5	1200	9				1.6				97.5	127.5		2016-03-01/Datasheet Import
B&C Speakers	21DS115	W	Active	21	5.1	30	10	0.24	0.23	7.8	407	0.068	269	1680	40.8	1700	15				4.6				98.8	326.4		2016-03-01/Datasheet Import
B&C Speakers	21IPAL	W	Active	21	0.7	37	4.9	0.22	0.21	22.51	487	0.039	155	1680	19.1	2500	22				0.5				108.1	521.16		2016-03-01/Datasheet Import
B&C Speakers	21SW115	W	Active	21	3.6	33	7.7	0.37	0.36	8.95	335	0.07	278	1680	24.8	1700	14				1.7				99.8	170.84		2016-03-01/Datasheet Import
B&C Speakers	21SW152	W	Active	21	3.3	32	7	0.31	0.3	13.93	460	0.051	200	1680	32.5	2000	15				1.5				99.1	320.08		2016-03-01/Datasheet Import
B&C Speakers	8BG51	W	Active	8	5.1	52	12.3	0.42	0.4	0.94	35	0.265	18	220	11.8	250	6.5				0.5				91.8	27.3		2016-03-01/Datasheet Import
B&C Speakers	8FG51	W	Active	8	5.1	49	9	0.34	0.32	1.22	35	0.295	20	220	12.9	250	6.5				0.5				92.4	32.63		2016-03-01/Datasheet Import
B&C Speakers	8FG64	W	Active	8	5.8	51	10.1	0.32	0.31	1.4	41	0.221	15	220	15.8	300	7				1.7				91.3	43.04		2016-03-01/Datasheet Import
B&C Speakers	8FW51	W	Active	8	5.2	74	9.3	0.21	0.21	1.31	27	0.177	12	220	17.7	200	6				0.56				97.5	60.25		2016-03-01/Datasheet Import
B&C Speakers	8FXC51	C	Active	8	4.9	69	6.3	0.36	0.34	1.565	22	0.234	16	220	11.5	500	6.5	0			0.9				95.8	26.99		2022-11-08/Janne Panu
B&C Speakers	8MBX51	W	Active	8	4.9	60	5.6	0.31	0.29	1.4	20	0.339	23	220	11.4	200	6				0.4				96.2	26.52		2016-03-01/Datasheet Import
B&C Speakers	8MDN51	W	Active	8	5.1	70	3.7	0.21	0.2	2.6	23	0.236	16	220	15.3	200	6				0.8				98.1	45.9		2016-03-01/Datasheet Import
B&C Speakers	8NDL51	W	Active	8	5.3	66	3.6	0.41	0.37	3.25	28	0.206	14	220	12.4	200	7				0.5				93.7	29.01		2016-03-01/Datasheet Import
B&C Speakers	8NDL64	W	Active	8	5.4	80	11	0.24	0.25	1.23	28	0.147	10	220	17.5	350	4.5				0.62				97	56.71		2016-03-01/Datasheet Import
B&C Speakers	8NSM64	W	Active	8	5.7	245	9.3	0.35	0.34	3.18	19	0.022	1.5	220	22	250	2				0.6				101.5	84.91		2016-03-01/Datasheet Import
B&C Speakers	8PE21	W	Active	8	5.6	87	3.8	0.2	0.19	2.52	18	0.191	13	220	16.6	200	3.5				0.5				99.9	49.21		2016-03-01/Datasheet Import
B&C Speakers	8PS21	W	Active	8	8	73	4.2	0.36	0.33	0.03	23	20.619	14	22	12.6	200	5				0.5				93.8	19.84		2016-03-01/Datasheet Import
Beyma	10B-60			10	6	31	1.53	0.46	0.35	5.9	46.34	0.57	115	380	10.9	80	4				0.9				92	19.8		
Beyma	10BR60V2	W	Active	10	6.5	31	3.29	0.55	0.47	2.89	48	0.536	108.2	380	10.6	100	6.5				1.5				90.6	17.29	07/11	2016-03-01/Datasheet Import
Beyma	10G150			10	6.8	46.2	1.63	0.28	0.24	5.7	32	0.37	75	380	15	125	2				0.8				96.9	33.09		
Beyma	10G200			10	6.3	52.4	12.63	0.33	0.32	1.2	46	0.2	40.5	380	16.95	200	3.5				0.6				95.5	45.6		
Beyma	10G40	W	Active	10	6.2	45	7.1	0.32	0.3	2.1	52	0.241	49	380	17	400	7		9	20	0.6				94.6	46.61	11/14	2016-03-01/Datasheet Import
Beyma	10LW30/N	W	Active	10	6.2	55	8.5	0.3	0.29	2.1	52	0.16	28	350	19.3	450	7		11	35	1				95	60.08	12/14	2016-03-01/Datasheet Import
Beyma	10M250			10	5.6	58	13.88	0.29	0.29	0.76	28.99	0.26	52.5	380	14.2	250	3.5				0.5				99	36.01		
Beyma	10MC500	W	Active	10	5.7	60	7.5	0.29	0.28	2.3	44	0.154	26	350	18.3	500	8				1				96.3	58.75		2016-03-01/Datasheet Import
Beyma	10MC700Nd	W	Active	10	5.2	63	3.8	0.24	0.22	5.6	54	0.115	20	350	21.8	700	7				1				97.1	91.39	11/18	2019-12-21/Datasheet Import
Beyma	10MI100 8Ω	M	Active	10	6.3	50	6.6	0.22	0.21	1.8	38	0.266	54	380	18.7	350	4.5		16	50	0.9				97.9	55.51	04/14	2016-03-01/Datasheet Import
Beyma	10MWNd				6	49	10	0.33	0.32	1.359	44.1	0.239	41	350	15.72	350	4.75		15	40					94.9	41.19		2017-07-01/Data import
Beyma	10WR300	W	Active	10	6	47	3.9	0.31	0.29	2.9	39	0.292	50.5	350	14.3	300	6				1				95.5	34.08	05/15	2016-03-01/Datasheet Import
Beyma	10XC25				6.3	53	10	0.38	0.37	0.92	27.6	0.326	66	380	12.35	250	3		11	35					97.2	24.21		2017-07-01/Data import
Beyma	12AG100			12	6.5	60	3.35	0.88	0.7	3.51	31.22	0.23	92	540	9.3	80	1.5				0.4				96.4	13.31		
Beyma	12BR70	W	Active	12	5.6	31	4.44	0.56	0.5	3.3	74	0.345	142	540	12.1	125	8				0.85				92.3	26.14	11/13	2016-03-01/Datasheet Import
Beyma	12CXA400Nd				6.6	45	6.2	0.28	0.27	2.369	52	0.241	102	550	18.61	400	3.5		10	30					98	52.47		2017-07-01/Data import
Beyma	12G250/R			12	6.2	40.3	4.24	0.17	0.17	3.46	58	0.27	106	530	22.93	200	2				1				99.2	84.8		
Beyma	12G320			12	6.2	52.6	2.58	0.2	0.18	7.43	58	0.16	62	530	24.5	150	1.5				0.7				99.7	96.81		
Beyma	12G350			12	6	50	11.9	0.3	0.29	1.4	53	0.19	80	550	18.2	250	4.5				1.2				98.5	55.21		
Beyma	12G40	W	Active	12	6	44	11.6	0.3	0.3	1.5	62	0.206	81	530	18.4	500	5		15	50	2.1				96.9	56.43		2016-03-01/Datasheet Import
Beyma	12K200			12	6.2	34.2	11.17	0.23	0.22	1.04	54	0.4	135	490	17.72	250	4.5				0.8				96.8	50.64		
Beyma	12KX				5.6	45	10.4	0.38	0.37	2.058	75.7	0.165	70	550	17.76	300	3		8.5	30					95.8	56.32		2017-07-01/Data import
Beyma	12LW30/N	W	Active	12	6.3	42	3.8	0.29	0.27	4.9	71	0.204	84	540	20.2	450	7		12	40	1				96.4	64.77	12/14	2016-03-01/Datasheet Import
Beyma	12LX60V2	W	Active	12	5.1	49	15.3	0.4	0.38	2.1	102	0.099	43	550	20	700	9		15	60	2.1				95	78.43		2016-03-01/Datasheet Import
Beyma	12M300			12	6.3	45	8.49	0.2	0.2	1.5	45	0.27	115	550	20.3	300	4				1.3				100.2	65.41		
Beyma	12MC500	W	Active	12	5.5	57	8.58	0.39	0.38	2.5	59	0.128	54.9	550	17.3	500	8				0.7				97.8	54.42	02/14	2016-03-01/Datasheet Import
Beyma	12MC700Nd	W	Active	12	5.2	51	4.1	0.26	0.24	5.6	72	0.136	58	550	21.6	700	7				1				98.6	89.72	12/18	2019-12-21/Datasheet Import
Beyma	12MI100	M	Active	12	6.3	58	5.54	0.23	0.22	3.3	47	0.162	64	530	21.6	450	2		16	50	1				100.4	74.06		2016-03-01/Datasheet Import
Beyma	12MWNd				6	43	9.1	0.34	0.33	1.723	58	0.236	100	550	16.63	350	4.75		15	40					96.9	46.09		2017-07-01/Data import
Beyma	12P1000Nd	W	Active	12	5.1	47	7.89	0.27	0.26	3.7	100	0.115	49	550	23.5	900	8		20	60	2				96.7	108.28		2016-03-01/Datasheet Import
Beyma	12P80FeV2	W	Active	12	5.1	50	4.9	0.21	0.2	4.2	65	0.156	66.8	550	22.5	700	7.5				1.1				99.9	99.26	11/15	2016-03-01/Datasheet Import
Beyma	12P80Nd				5.2	45	6.6	0.15	0.15	2.365	55.2	0.227	96	550	23.26	800	4		10	40					101.5	104.04		2017-07-01/Data import
Beyma	12P80NdV2	W	Active	12	5.1	50	4.25	0.17	0.16	5	67	0.15	65	413	25.3	700	7.5				0.75				100.7	125.51	02/16	2016-03-01/Datasheet Import
Beyma	12SW1300Nd	W	Active	12	4.9	45	12.07	0.27	0.26	2.77	118	0.106	45	550	25.3	1200	10				3.25				95.9	130.63		2016-03-01/Datasheet Import
Beyma	12WR400	W	Active	12	5.8	42	5.6	0.3	0.28	2.9	62	0.231	91.1	530	18	400	6.3				1				96.9	55.86		2016-03-01/Datasheet Import
Beyma	12XA30Nd				6.8	35	8	0.22	0.21	1.3	47.3	0.437	172	530	17.93	350	3		11	35					98	47.28		2017-07-01/Data import
Beyma	15CXA400Nd				6.6	40	4.4	0.39	0.36	5.004	87.6	0.181	196	880	19.3	400	3.5		10	30					97.9	56.44		2017-07-01/Data import
Beyma	15G300			15	6.3	37.2	14.05	0.33	0.33	1.33	80	0.23	205	800	18.8	250	5				1.3				98.1	56.1		
Beyma	15G350			15	6.3	34	12.78	0.3	0.3	1.17	69.98	0.31	302	830	17.6	250	4.5				0.8				99	49.17		
Beyma	15G40	W	Active	15	5.9	38	8	0.33	0.32	3.8	126	0.133	128	830	23.3	700	9.5		20	80	2.7				96.6	92.02		2016-03-01/Datasheet Import
Beyma	15G400			15	6	35	8.3	0.28	0.27	2.91	110	0.18	175	830	22.7	400	6.5				1.3				97.5	85.88		
Beyma	15G450/N	W	Active	15	5.6	44	7	0.36	0.34	5.3	135	0.097	106	880	24.1	750	7.5		11	50	1.5				97.5	103.72	11/14	2016-03-01/Datasheet Import
Beyma	15GT200			15	6	30.4	7.22	0.23	0.22	2.78	105	0.26	270	860	23	300	5				1.3				98.4	88.17		
Beyma	15K200			15	6.3	27.4	13.71	0.27	0.27	1.33	106	0.32	345	880	20.5	300	7.5				1.7				97.2	66.71		
Beyma	15KX				5.7	45	11.4	0.52	0.5	1.657	66.8	0.187	203	880	14.39	300	3		8	20					99	36.33		2017-07-01/Data import
Beyma	15LW30	W	Active	15	6.2	34	4.5	0.35	0.33	4.5	96	0.228	251	880	18.9	500	7		15	40	1.1				97.6	57.61	12/14	2016-03-01/Datasheet Import
Beyma	15LX60V2	W	Active	15	5.1	42	21.23	0.45	0.44	1.9	147	0.0924	105	910	21.1	700	9		15	60	2.1				96.3	87.3		2016-03-01/Datasheet Import
Beyma	15M300			15	5.8	40	8.1	0.28	0.27	2.42	78	0.2	220	880	20.1	300	3.5				1.3				100.4	69.66		
Beyma	15MC500	W	Active	15	5.7	46	8	0.49	0.46	3.5	98	0.12	131.5	880	18.25	500	8				1.15				97.6	58.43	02/14	2016-03-01/Datasheet Import
Beyma	15MC700Nd	W	Active	15	5.2	49	4.4	0.33	0.31	6.6	94	0.111	122	880	21.4	700	7				1				100.3	88.07	02/19	2019-12-21/Datasheet Import
Beyma	15MI100	M	Active	15	6.2	37	6.3	0.3	0.29	2.8	77	0.24	264	880	19.2	450	4.5		17	60	1				99.6	59.46	07/14	2016-03-01/Datasheet Import
Beyma	15MWNd				5	42	7.6	0.4	0.38	3.072	88.5	0.162	176	880	17.08	400	3.75		15	40					99.2	58.35		2017-07-01/Data import
Beyma	15P1000Fe				5.1	45	11.5	0.38	0.37	3.661	148.9	0.084	86	855	23.77	1000	4.5		20	60					97.1	110.79		2017-07-01/Data import
Beyma	15P1000FeV2	W	Active	15	5.3	42	6.6	0.29	0.28	5.91	147	0.097	100.2	855	26.6	1000	8				1.3				97.9	133.5	03/15	2016-03-01/Datasheet Import
Beyma	15P1000Nd	W	Active	15	5.1	45	9.6	0.36	0.34	4.3	145	0.086	88	855	24.3	1000	8		20	65	2				97.4	115.78		2016-03-01/Datasheet Import
Beyma	15P1200Nd/N	W	Active	15	5.2	42	14.2	0.32	0.31	3.22	165	0.083	84.7	855	26.5	1200	9.5		22	70	2.7				96.8	135.05		2016-03-01/Datasheet Import
Beyma	15P80/Nd	W	Active	15	5.1	33	7.7	0.182	0.178	2.73	101	0.229	250	880	24.3	800	7.5				0.8				100.9	115.78	06/14	2016-03-01/Datasheet Import
Beyma	15P80Fe/N	W	Active	15	5.3	32	5.5	0.19	0.18	3.2	88	0.279	305	880	22.1	800	7.5				1.2				101	92.15	05/15	2016-03-01/Datasheet Import
Beyma	15P80Nd				5.2	35	10	0.22	0.22	2.273	103.3	0.2	217	880	23.18	800	4		10	40					100.1	103.33		2017-07-01/Data import
Beyma	15SW1300Nd	W	Active	15	5.2	44	14.7	0.37	0.36	3.02	160	0.082	89.6	880	25.1	1300	10				3.45				97	121.16		2016-03-01/Datasheet Import
Beyma	15WR400	W	Active	15	5.5	36	8.2	0.32	0.3	2.5	91	0.205	224	880	19.2	400	6.3				1				98.8	67.03	05/15	2016-03-01/Datasheet Import
Beyma	15XA38Nd				6.8	33	7.5	0.3	0.29	1.937	70.1	0.332	360	880	18.15	350	3.5		11	35					99.1	48.44		2017-07-01/Data import
Beyma	18G40	W	Active	18	6	32	12.7	0.42	0.41	3	171	0.136	323	1300	22.5	700	7		20	80	3				97.3	84.38		2016-03-01/Datasheet Import
Beyma	18G400			18	6.5	32	8.84	0.32	0.31	3.6	158	0.16	370	1300	25.55	400	7				1.4				98.7	100.43		
Beyma	18G480	S		18	6.5	25.8	6.05	0.26	0.25	4.68	175	0.22	440	1200	26.4	800	9				2				97.5	107.22		
Beyma	18G50			18	6.1	40	12.05	0.33	0.32	3.55	170	0.11	212	1180	28.8	800	7				2				99.3	135.97		
Beyma	18G550	W	Active	18	5.3	36	8.88	0.39	0.37	5.5	190	0.104	210	1200	24.4	900	9		11	50	1.4				97.8	112.33		2016-03-01/Datasheet Import
Beyma	18GT200			18	6	24.6	7.11	0.22	0.22	2.59	119	0.35	595	1100	22.3	300	5				1.2				99.3	82.88		
Beyma	18LX60V2		Active	18	5.1	35	15.7	0.5	0.48	3.1	215	0.0945	236	1320	21.8	700	9		15	60	2.1				97	93.18		2016-03-01/Datasheet Import
Beyma	18P1000/Fe V2	W	Active	18	5.2	33	10.5	0.33	0.32	4.4	221	0.105	230	1250	26.8	1200	8				1.75				97.9	138.12	08/14	2016-03-01/Datasheet Import
Beyma	18P1000Fe				5.1	40	15	0.4	0.39	3.561	212.5	0.074	163	1250	26.1	1000	4.5		22	70					98.1	133.57		2017-07-01/Data import
Beyma	18P1000Nd		Active	18	5.1	40	9.87	0.43	0.41	5	195	0.08	178	1250	24.3		8		22	70	2.8				98.2	115.78		2016-03-01/Datasheet Import
Beyma	18P1200Nd/N	W	Active	18	5.3	37	10.39	0.35	0.34	4.5	199	0.093	198	1225	26.3	1200	9.5		22	70	2.3				98.4	130.51		2016-03-01/Datasheet Import
Beyma	18P80/Nd	W	Active	18	5.1	30	11.55	0.29	0.29	2.34	146	0.193	411	1225	21.9	800	7.5		20	60	1.9				99.8	94.04		2016-03-01/Datasheet Import
Beyma	18PW1400/Fe	W	Active	18	5.05	32	10.23	0.28	0.27	4.62	230	0.103	228.9	1255	29	1400	10				1.2				98.3	166.53		2016-03-01/Datasheet Import
Beyma	18PWB1000/Fe	W	Active	18	6	27	8.2	0.4	0.38	5.1	245	0.142	317	1255	25	1000	12.5				2				95.2	104.17	01/16	2016-03-01/Datasheet Import
Beyma	18SW1600Nd	W	Active	18	5.5	32	11.74	0.34	0.33	4.46	260	0.093	205.7	1255	29	1600	10				3.1				96.6	152.91		2016-03-01/Datasheet Import
Beyma	21L45			21	6.5	30	9.91	0.33	0.32	4.76	250	0.11	500	1764	30.5	800	7				1.8				99	143.12		
Beyma	21PW1400/Fe	W	Active	21	5.2	30	7.44	0.36	0.34	7.51	298	0.094	401.5	1734	28.2	1400	10				1.3				98.7	152.93		2016-03-01/Datasheet Import
Beyma	5G40Nd				6.9	110	4.9	0.33	0.31	0.964	6.8	0.306	3.1	85	9.94	100	1		8	15					93.6	14.32		2017-07-01/Data import
Beyma	5M30			5.25	6.5	85	2.72	0.82	0.63	1.3	6.63	0.53	6	90	5.3	30	1				0.5				89.4	4.32		
Beyma	5P200Fe				5.2	72	7.5	0.35	0.33	0.654	10.8	0.451	5.7	95	8.53	150	4		6.3	15					91.7	13.99		2017-07-01/Data import
Beyma	605Nd				6	150	10	0.32	0.31	0.971	10.3	0.109	3	140	13.49	100	0.5		7	15					98.3	30.33		2017-07-01/Data import
Beyma	6G40Nd				6.2	88	9.1	0.34	0.33	0.758	12.5	0.262	7.2	140	11.21	170	1		7.5	18					94.7	20.27		2017-07-01/Data import
Beyma	6MI100				6	100	1.9	0.53	0.41	4.598	13.9	0.182	5	140	9.95	250	0.5		6.5	12					93	16.5		2017-07-01/Data import
Beyma	6MI90				6	120	6	0.47	0.44	0.867	6.9	0.255	7	140	8.15	100	0.5		7	15					97.4	11.07		2017-07-01/Data import
Beyma	6P200Fe				5	65	3.6	0.34	0.31	1.908	16.8	0.357	9.1	135	10.05	200	2.5		6.3	15					92.7	20.2		2017-07-01/Data import
Beyma	6P200Nd				5.3	56	3.7	0.32	0.29	1.634	17.2	0.47	12	135	10.01	200	3.5		6.3	15					92	18.91		2017-07-01/Data import
Beyma	8B40	W		8	6.8	29	2.75	0.54	0.45	1.29	19.44	1.5	105	220	6.7	50	5				0.7				89.5	6.6		
Beyma	8BR40/N 8Ω	W	Active	8	5.5	30	2.05	0.48	0.39	1.99	21	1.312	89.1	220	6.8	50	6.7				0.5				90.6	8.41	05/15	2016-02-28/Datasheet Import
Beyma	8CX300Nd				5	57	9.25	0.27	0.26	0.585	15.1	0.516	35	220	10.01	250	4		8	20					97.8	20.04		2017-07-01/Data import
Beyma	8G40	W	Active	8	6.1	70	6.83	0.38	0.36	1.4	21	0.25	17	220	12.2	250	4.5		9	20	1.3				95	24.4		2016-02-28/Datasheet Import
Beyma	8LW30	W	Active	8	5.8	70	7	0.39	0.37	1.4	22	0.236	16	220	12	250	4.5		9	35	1.1				94.9	24.83		2016-02-28/Datasheet Import
Beyma	8M100	M		8	7.2	83.6	3.73	0.48	0.43	1.97	14	0.26	16	210	10.5	100	1				0.4				95.4	15.31		
Beyma	8M60	M		8	7	80	2.84	0.52	0.44	2.4	13.58	0.29	18	210	9.6	70	1				0.4				95.1	13.17		
Beyma	8MI100	M	Active	8	6	90	8.5	0.6	0.56	1.2	17	0.191	13	220	9.8	250	1		6.5	12	0.2				95.2	16.01		2016-02-28/Datasheet Import
Beyma	8P300Fe				6.7	61	9.5	0.34	0.33	0.846	21	0.325	22	220	12.59	300	4		9	25					94.4	23.66		2017-07-01/Data import
Beyma	8P300Fe/N	W	Active	8	5.3	51	17	0.33	0.32	0.47	24	0.385	26.3	220	11.3	300	6				0.3				94	24.09	03/15	2016-02-28/Datasheet Import
Beyma	8WOOFER/P-V2	W	Active	8	5.8	35	2.72	0.62	0.5	1.95	20	0.869	59	220	7	50	4.5				0.9				89.5	8.45		2016-02-28/Datasheet Import
Beyma	BF-8R	W	Active	8	5.5	52	5.56	1.1	0.92	1.26	21	0.436	29.6	220	5.9	50	5.7		8	25	0.8				89.4	6.33		2016-02-28/Datasheet Import
Beyma	CM-10	W	Active	10	6.15	61	6.38	0.55	0.51	2.13	35	0.192	40.7	390	12.25	125	6.5		9	30	1.2				95.4	24.4	08/13	2016-03-01/Datasheet Import
Beyma	CM-6				6	138	4.7	1.2	0.96	2.727	14.8	0.09	2.47	140	8.01	80	1		7	15					90.6	10.69		2017-07-01/Data import
Beyma	CM-8B				6.2	73	13.5	0.65	0.62	0.73	21.5	0.221	15	220	9.69	100	5		9	30					92.6	15.14		2017-07-01/Data import
Beyma	SM-108	W	Active	8	6.2	71	3.8	0.35	0.32	2.8	24	0.21	14.4	220	14	150	6				0.9				94.8	31.61	05/15	2016-02-28/Datasheet Import
Beyma	SM-110			10	6.2	50	3.02	0.41	0.36	4.81	46.24	0.22	42	370	14.8	150	4				0.9				94.2	35.33		
Beyma	SM110/N	W	Active	10	6.2	43	7.88	0.37	0.35	1.3	38	0.368	65	355	13.2	200	4				1.7				94.6	28.1		2016-03-01/Datasheet Import
Beyma	SM-112			12	6.4	45	14.26	0.35	0.34	1.13	57.2	0.22	86	530	17.2	250	5.5				0.9				96.5	46.22		
Beyma	SM-112/N	W	Active	12	6.2	40	8	0.31	0.3	1.8	58	0.273	117.3	550	17	400	7.25				1.2				96.9	46.61	10/14	2016-03-01/Datasheet Import
Beyma	SM-115			15	6.2	42	11.2	0.41	0.4	1.89	80.37	0.18	185	860	17.85	250	5.5				0.9				98.3	51.39		
Beyma	SM-115/K	W	Active	15	6.1	29	5.8	0.26	0.25	3.8	121	0.25	273	880	22.8	500	8				1.6				97.3	85.22	12/14	2016-03-01/Datasheet Import
Beyma	SM-115/N	W	Active	15	6.4	35	8.5	0.4	0.38	2.2	86	0.243	267	880	17.4	400	7.25				1.2				97.5	47.31	09/14	2016-03-01/Datasheet Import
Beyma	SM-118			18	6.4	30	9.98	0.45	0.43	2.27	120.34	0.23	430	1146	17.95	250	5.5				0.9				97.1	50.34		
Beyma	SM-118/N	W	Active	18	6.3	42	5.5	0.65	0.58	6.2	130	0.11	206	1150	18.3	400	7.25				1.1				96.7	53.16	01/15	2016-03-01/Datasheet Import
Beyma	SM-212	W	Active	12	5.5	43	5.3	0.41	0.38	2.9	57	0.24	103	550	14.4	350	8.25				0.6				96.6	37.7	12/14	2016-03-01/Datasheet Import
Beyma	T-100			15	6	33	2.63	0.56	0.46	5.97	75.79	0.31	275	800	13	150	6				1				95.7	28.17		
BMS	12C262	C	Active	12	5.7	47.3	5.4	0.25	0.24	3.46	63	0.18	60.6	487	20.6	400	2.5								97.6	74.45	2011-04	2018-08-04/Kimmo Saunisto
BMS	12N620	M	Active	12	5.7	44.7	5.1	0.26	0.25	3.88	68	0.18	72.7	531	20.6	500	3.5				0.6				97.4	74.45	2011-04	2016-03-02/Datasheet Import
BMS	12N630	W	Active	12	6	28.6	6.24	0.35	0.33	3.72	127	0.24	85.5	498	19.8	600	8				0.68				90.8	65.34	2014-07	2016-03-03/Datasheet Import
BMS	12N802	M	Active	12	5.7	43	5.2	0.25	0.24	4.34	80	0.164	65	531	22.25	1000	4.5				0.85				96.6	86.85	2011-04	2016-03-02/Datasheet Import
BMS	12N803	M	Active	12	5.7	41	5.2	0.25	0.24	3.83	78	0.195	77	531	21.35	1000	6				0.61				96.7	79.97	2011-10	2016-03-02/Datasheet Import
BMS	12N804	M	Active	12	5.7	39	4.6	0.31	0.29	4.96	92	0.179	71	531	20.4	1100	8				0.66				94.8	73.01	2012-01	2016-03-02/Datasheet Import
BMS	12N810	M	Active	12	5.8	40.7	5.1	0.17	0.16	3.33	68	0.23	89.6	531	24.5	600	2.5				0.76				98.9	103.49	2011-04	2016-03-02/Datasheet Import
BMS	12N820	M	Active	12	5.7	37.8	5.3	0.16	0.16	3.18	72	0.25	98.7	531	24.2	800	4.5				0.62				98.7	102.74	2011-04	2016-03-02/Datasheet Import
BMS	12S302	WM	Active	12	3	45	5	0.267	0.253	4.421	77	0.16	65	531	15.65	500	4.5	0			0.5				99.7	81.64		2024-08-06/Kimmo Saunisto
BMS	12S305	W	Active	12	5.4	35	5.8	0.278	0.265	3.6	95	0.218	82	515	20.14	800	11				0.7				94.7	75.11	2013-04	2018-06-26/Kimmo Saunisto
BMS	12S320	M	Active	12	5.7	45.4	4.2	0.21	0.2	4.742	69	0.176	69.5	531	23.3	500	4.5	0			0.75				98.4	95.24	2011-04	2016-03-02/Datasheet Import
BMS	12S330	W	Active	12	6	28.6	5.9	0.25	0.24	3.93	127	0.24	85.5	498	23	600	8				0.7				92.3	88.17	2011-04	2016-03-02/Datasheet Import
BMS	15C262	C	Active	15	5.7	42.5	5.4	0.36	0.34	4.95	100	0.14	138	834	20.6	400	2.5								98.2	74.45	2011-05	2017-03-11/Kimmo Saunisto
BMS	15N620	M	Active	15	5.7	41	5.9	0.37	0.35	4.7	109	0.14	154	880	20.6	500	5.5				0.65				98	74.45	2011-04	2016-03-02/Datasheet Import
BMS	15N630	W	Active	15	6	39	6.74	0.45	0.42	4.32	121	0.14	152	880	19.8	600	8				0.7				96.3	65.34	2011-04	2016-03-02/Datasheet Import
BMS	15N820	M	Active	15	5.7	39.2	4.5	0.27	0.26	6.27	114	0.144	159	880	24.2	900	4.5				0.81				99	102.74	2011-04	2016-03-02/Datasheet Import
BMS	15N830V2	W	Active	15	4.8	39.5	4.2	0.29	0.27	6.66	130	0.144	159	880	22.4	1100	8				0.7				99.5	104.53	2011-04	2016-03-02/Datasheet Import
BMS	15N840	W	Active	15	5	35.6	5.75	0.32	0.3	5.33	137	0.146	145.7	845	24.6	1200	11				0.82				97.2	121.03	2011-04	2016-03-02/Datasheet Import
BMS	15S320	M	Active	15	5.7	41	5	0.29	0.28	5.55	109	0.14	154	880	23.3	500	4.5				0.8				99.1	95.24	2011-04	2016-03-02/Datasheet Import
BMS	15S330	W	Active	15	6	39	6.6	0.34	0.32	4.42	115	0.14	152	880	23	600	8				0.72				97.5	88.17	2011-04	2016-03-02/Datasheet Import
BMS	15S430V2	W	Active	15	5	39.8	6.6	0.27	0.26	5	132	0.12	135	897	24.96	1200	7.5				0.73				99	124.6	2011-04	2016-03-03/Kimmo Saunisto
BMS	15S435	W	Active	15	5.4	38	5.9	0.29	0.28	5.461	136	0.13	129	845	24.4	1200	8	0			0.86				97.6	110.25		2023-06-17/Kimmo Saunisto
BMS	18N830V2	W	Active	18	4.8	31	6	0.39	0.37	6.85	210	0.125	262	1212	22.4	1100	8				0.77				97.2	104.53	2011-04	2016-03-02/Datasheet Import
BMS	18N840	W		18	5	28.5	6.66	0.33	0.32	5.97	222	0.14	288	1213	24.4	1200	9				0.87				97.1	119.07		
BMS	18N850	W		18	5.7	24.4	7.23	0.26	0.25	6.43	303	0.14	288	1212	31.7	1200	13				1.07				95.5	176.3		
BMS	18N850V2	W	Active	18	5	29.8	7	0.35	0.33	6.36	240	0.12	243	1213	25.4	1200	12				0.85				96.7	129.03	2011-04	2016-03-02/Datasheet Import
BMS	18N860	W		18	5.7	24.9	5.33	0.4	0.37	0.01	280	0.15	304	1213	24.94		19				0.81				94.2	109.12		
BMS	18N862	W	Active	18	5.56	25.1	6.75	0.36	0.34	6.26	267	0.15	312	1219	25.52	1500	19				0.81				94.9	117.13	2012-02	2016-03-02/Datasheet Import
BMS	18S430	W		18	5	32.9	6.8	0.34	0.33	5.93	195	0.12	247	1213	24.26	1200	7.5				0.82				98.2	117.71		
BMS	18S430V2	W	Active	18	4.8	31	6	0.36	0.34	6.85	210	0.125	262	1213	23.5	1200	8		16	34	0.82				97.6	115.05	2011-04	2016-03-02/Datasheet Import
BMS	18S450	W	Active	18	5.5	29	7.25	0.32	0.31	5.65	224	0.134	281	1213	26.5	1200	12	0			1.1				96.9	127.68	2013-04-05	2016-03-03/Kimmo Saunisto
Bumper	1048-C			10	6.6	42.9	6.57	0.53	0.49	1.83	44.55	0.31	45.4	324	12.2	200	5.1								91.1	22.55		
Bumper	1048-RF			10	3.6	46.3	9.04	0.35	0.34	1.52	47.19	0.25	36.8	324	11.9	250	5.1								95.7	39.34		
Bumper	1248-C			12	6.6	30.2	3.63	0.41	0.37	6.39	122.3	0.23	66.4	457	19.34	250	5.6								89.3	56.67		
Bumper	1248-RF			12	3.6	37.4	6.34	0.36	0.34	2.66	71.84	0.25	73.7	457	13.03	250	5.1								95.8	47.16		
Bumper	1548-C			15	6.6	32.6	2.36	0.86	0.63	12.27	141.4	0.17	184	883	14.9	250	5.85								91.5	33.64		
Bumper	1548-RF			15	3.6	32.6	8.82	0.59	0.56	3.62	155.79	0.15	167	883	13.9	250	5.5								95.4	53.67		
Bumper	1865-C			18	6.6	39.8	7.78	1.33	1.13	5.98	186	0.086	264	1481	15.21	340	6.1								93.8	35.05		
Bumper	648-RF	W		8	6.6	74.4	7.12	0.49	0.46	1.36	20.66	0.22	14.2	214	11.4	200	4								93.6	19.69		
Bumper	848-C	W		8	6.6	70	3.57	0.59	0.51	2.16	17.5	0.3	27.1	256	9.25	200	4.85								94.8	12.96		
Bumper	848-RF	W		8	6.6	47.4	5.05	0.4	0.37	1.96	33.15	0.34	31.2	256	12.8	200	4.8								92	24.82		
Celestion	AF3010	F	Active	3	10.48	128.9	6.096	0.843	0.74	0.47	3.55	0.43	0.67	33.18	5.98	35	2.75	0			0.26				83.1	3.41		2024-10-18/Celestion
Celestion	AF4010	F	Active	4	10.37	104.7	5.306	0.951	0.807	0.61	4.95	0.47	2.13	56.75	5.96	35	2.75	0			0.37				85	3.43		2024-10-18/Celestion
Celestion	AN2075	F	Active	2	5.33	153.4	5.281	0.998	0.839	0.27	1.49	0.72	1.51	12.56	2.71	20	2.25	0			0.04				91.1	1.38		2024-10-18/Celestion
Celestion	AN2775	F	Active	2.75	5.26	123.3	5.408	1.166	0.959	0.38	2.68	0.62	3.57	28.27	2.56	20	2.25	0			0.07				91.4	1.25		2024-10-18/Celestion
Celestion	AN3510	F	Active	3.5	5.73	113.4	5.093	0.74	0.646	0.53	3.76	0.52	1.87	38.45	4.56	35	2.25	0			0.14				89.1	3.63		2024-10-18/Celestion
Celestion	CF0617M	M	Active	6.5	5.3	116.6	6.93	0.481	0.451	1.23	11.59	0.16	5.39	153.94	9.68	200	2.7	0			1.73				96.3	17.68		2024-10-18/Celestion
Celestion	CF0820BMB	W	Active	8	5.45	50.5	5.095	0.394	0.366	2.01	32.35	0.31	22.42	226.98	11.92	250	7.25	0			0.78				92.3	26.07		2024-10-18/Celestion
Celestion	CF0820M	M	Active	8	5.39	202	1.784	0.831	0.567	15.21	21.38	0.03	2.12	226.98	13.27	250	3.5	0			0.12				96.9	32.67		2024-10-18/Celestion
Celestion	CF1025BMB	W	Active	10	6.04	40.9	7.952	0.371	0.355	1.804	55.865	0.271	46.1	346.36	15.28	300	6.65	0			1.15				92.5	38.66		2024-10-23/Celestion
Celestion	CF1025C	W	Active	10	5.15	54.8	2.338	0.299	0.265	5.46	37.03	0.23	38.63	346.36	14.82	300	4.25	0			0.57				97.2	42.65		2024-10-18/Celestion
Celestion	CF1230BMB	W	Active	12	5.84	43.4	4.451	0.417	0.381	5.416	88.41	0.152	60.68	530.93	18.38	350	7	0			0.713				94.1	57.85		2024-10-18/Celestion
Celestion	CF1230F	W	Active	12	5.08	56.5	4.33	0.342	0.317	5.23	63.75	0.12	49.61	530.93	18.33	500	7.5	0			0.74				98.1	66.14		2024-10-18/Celestion
Celestion	CF1540HD	W	Active	15	5.15	40.8	5.591	0.323	0.305	6.67	145.53	0.11	108.3	855.3	24.4	1200	10.5	0			1.22				97.5	115.6		2024-10-18/Celestion
Celestion	CF1840H	W	Active	18	3.04	38.5	3.921	0.385	0.351	9.76	158.7	0.11	196.7	1134.12	17.41	1000	8	0			0.95				100.8	99.71		2024-10-18/Celestion
Celestion	CF1840JD	W	Active	18	5.29	37	4.372	0.437	0.397	11.56	217.4	0.09	155	1134.12	24.76	1200	12.5	0			1.16				96.3	115.89		2024-10-18/Celestion
Celestion	CF18VJD	W	Active	18	6.13	34.5	4.573	0.332	0.309	12.59	265.42	0.08	145.81	1134.12	32.59	1600	12	0			1.87				95.7	173.26		2024-10-18/Celestion
Celestion	CN0515M	M	Active	5	11.47	189.2	1.534	0.337	0.276	7.06	9.11	0.08	0.68	78.54	19.19	100	3.25	0							91.8	32.11		2024-10-18/Celestion
Celestion	CN0617M	M	Active	6.5	12.85	197.5	5.641	0.55	0.501	2.36	10.75	0.06	2.03	153.94	17.65	200	2.7	0							94.5	24.24		2024-10-18/Celestion
Celestion	FTR08-2011D	W	Active	8	5.82	86.1	2.238	0.541	0.436	6.71	27.75	0.12	8.99	226.98	12.71	200	5.5	0			0.38				93.6	27.76		2024-10-18/Celestion
Celestion	FTR12-3070C	W	Active	12	5.59	65.1	2.804	0.362	0.321	7.96	54.61	0.11	43.7	530.93	18.58	350	5.5	0			1.09				98.8	61.76		2024-10-18/Celestion
Celestion	FTR12-4080DL	W	Active	12	6.24	28.9	2.466	0.345	0.303	12.97	176.07	0.17	68.6	530.93	24.05	700	13.6	0			2.07				89.9	92.69		2024-10-18/Celestion
Celestion	FTR15-3070C	W	Active	15	6.07	41.4	3.51	0.429	0.382	6.05	81.73	0.18	187.62	855.3	17.33	400	5.5	0			0.59				98.1	49.48		2024-10-18/Celestion
Celestion	FTR15-3070E	W	Active	15	5.52	45.9	3.409	0.426	0.379	7.23	85.53	0.14	145.75	855.3	17.87	400	7.75	0			1.21				98.8	57.85		2024-10-18/Celestion
Celestion	FTR18-4080FD	W	Active	18	5.62	25.2	4.75	0.304	0.286	5.92	177.81	0.23	408.72	1134.12	22.81	1000	8.5	0			1.5				96.9	92.58		2024-10-18/Celestion
Celestion	FTR18-4080HDX	W	Active	18	5	39.2	5.387	0.466	0.429	7.85	171.75	0.1	174.88	1134.12	21.29	1000	10.1	0			1.79				97.6	90.65		2024-10-18/Celestion
Celestion	FTX0617	C	Active	6.5	5.52	100	3.651	0.925	0.738	1.99	11.58	0.22	7.37	153.94	6.59	150	3.5	0			0.27				92.6	7.87		2024-10-18/Celestion
Celestion	FTX0820	C	Active	8	5.85	78.8	2.8	0.31	0.279	4.01	22.66	0.18	13.13	226.98	14.56	200	4	0			0.62				96.5	36.24		2024-10-18/Celestion
Celestion	FTX1025	C	Active	10	5.42	71.5	2.788	0.523	0.44	5.25	32.55	0.15	25.85	346.36	12.3	300	5	0			0.48				96.3	27.91		2024-10-18/Celestion
Celestion	FTX1225	C	Active	12	5.39	47.3	4.214	0.437	0.396	3.77	53.501	0.212	84.59	530.93	14	300	6	0			3.36				96.8	36.36		2024-10-18/Celestion
Celestion	FTX1530	C	Active	15	5.36	42.5	3.809	0.297	0.276	5.91	84.29	0.17	172.07	855.3	20.16	400	6	0			0.82				100.2	75.83		2024-10-18/Celestion
Celestion	K12H-100TC	F	Active	12	5.48	55.6	2.55	0.473	0.399	6.22	45.39	0.18	72.04	530.93	13.55	100	3	0			0.67				97.8	33.5		2024-10-18/Celestion
Celestion	K12H-200TC	F	Active	12	5.81	62.3	2.804	0.432	0.374	5.67	40.57	14.63	64.1	530.93	14.63	200	4	0			0.63				98.9	36.84		2024-10-18/Celestion
Celestion	NTR06-1705B	M	Active	6.5	5.94	132.9	1.912	0.576	0.442	5.79	13.26	0.11	3.63	153.94	10.69	150	4	0			0.21				95	19.24		2024-10-18/Celestion
Celestion	NTR06-1705D	W	Active	6.5	5.27	49	6.123	0.403	0.378	0.83	16.58	0.64	21.42	153.94	8.17	150	6	0			0.23				91.8	12.67		2024-10-18/Celestion
Celestion	NTR06-17X	W	Active	6.5	5.36	60.4	7.247	0.335	0.321	0.93	17.68	0.39	13.19	153.94	10.36	150	4.5	0			0.28				93.1	20.02		2024-10-18/Celestion
Celestion	NTR08-2009D	W	Active	8	5.5	71.4	2.035	0.236	0.211	6.85	31.06	0.16	11.65	226.98	18.03	200	6.5	0			0.48				96.2	59.11		2024-10-18/Celestion
Celestion	NTR08-2011D	W	Active	8	5.79	84.8	2.34	0.535	0.436	5.66	24.91	0.14	10.31	226.98	11.98	200	6	0			0.59				94.1	24.79		2024-10-18/Celestion
Celestion	PowerPro X18	W	Active	18	5.1	34.8	3.147	0.431	0.379	15.96	229.98	0.091	188.9	1210	24.38	1200	9.5	0			1.61				96.6	116.55		2024-10-18/Celestion
Celestion	TF0510	W	Active	5	6.32	128.1	2.376	0.768	0.58	2.38	7.02	0.22	7.38	78.54	6.82	30	2.4	0			0.33				96.1	7.36		2024-10-18/Celestion
Celestion	TF0512HE	W	Active	5	5.42	84.7	9.225	0.569	0.536	0.51	8.89	0.39	3.46	78.54	6.71	75	4.75	0			0.28				89.4	8.31		2024-10-18/Celestion
Celestion	TF0615	W	Active	6	7.08	104.7	3.949	0.719	0.608	2.01	12.09	0.19	6.41	153.94	8.85	100	1.75	0			0.47				92.6	11.06		2024-10-18/Celestion
Celestion	TF0818	W	Active	8	6.72	100	3.311	0.493	0.429	3.72	19.57	0.13	9.44	226.98	12.95	100	5	0			0.75				95.6	24.96		2024-10-18/Celestion
Celestion	TF1020	W	Active	10	5.45	69.4	2.454	0.372	0.323	5.52	31.1	0.17	28.75	346.36	14.1	150	4	0			0.6				97.8	36.48		2024-10-18/Celestion
Celestion	TF1220	W	Active	12	5.46	55.8	3.327	0.441	0.389	4.69	44.51	0.18	72.79	530.93	13.91	150	4	0			0.71				98.2	35.44		2024-10-18/Celestion
Celestion	TF1225	W	Active	12	5.08	55.6	3.112	0.42	0.37	5.45	48.52	0.17	67.27	530.93	14.32	250	4.5	0			0.86				98.4	40.37		2024-10-18/Celestion
Celestion	TF1225e	W	Active	12	6.42	52.6	3.513	0.368	0.333	5.08	54.04	0.17	67.71	530.93	17.66	300	5.25	0			1.32				97.2	48.58		2024-10-18/Celestion
Celestion	TF1230S	W	Active	12	5.98	60.3	3.28	0.422	0.374	5.91	51.08	0.14	54.41	530.93	16.56	300	4.5	0			0.98				97.8	45.86		2024-10-18/Celestion
Celestion	TF1230SL	W	Active	12	5.17	56.8	3.635	0.437	0.39	5.72	58.32	0.14	53.76	530.93	15.68	350	6	0			0.89				97.4	47.56		2024-10-18/Celestion
Celestion	TF1525	W	Active	15	5.15	47.6	3.835	0.565	0.493	6.08	77.93	0.14	148.41	855.3	14.57	250	4.5	0			0.9				98.4	41.22		2024-10-18/Celestion
Celestion	TF1525e	W	Active	15	6.82	47.5	4.486	0.529	0.473	5.46	82.07	0.14	141.77	855.3	17.78	300	5.25	0			1.31				97.3	46.35		2024-10-18/Celestion
Celestion	TF1530	W	Active	15	5.82	42	2.728	0.313	0.281	8.87	91.65	0.16	162.2	855.3	21.22	400	4	0			0.96				99.2	77.37		2024-10-18/Celestion
Celestion	TF1530e	W	Active	15	5.48	43.6	2.757	0.373	0.328	7.15	71.94	0.19	191.62	855.3	17.03	400	6.5	0			0.79				99.9	52.92		2024-10-18/Celestion
Celestion	TF1830	W	Active	18	2.58	35.7	4.213	0.434	0.393	9.53	179.11	0.11	202.4	1134.12	15.46	500	4.5	0			1.28				100.2	92.64		2024-10-18/Celestion
Celestion	TFX0412	C	Active	4	5.6	95	5.184	0.665	0.589	0.674	5.8	0.478	2.18	56.75	5.4	100	4	0			0.34				88	5.21		2024-10-18/Celestion
Celestion	TFX0515	C	Active	5	5.77	74	8.293	0.503	0.474	0.509	9.073	0.509	6.53	95	6.96	150	3.75	0			0.363				90.6	8.4		2024-10-18/Celestion
Celestion	TFX0615	C	Active	6.5	5.39	96.8	3.038	0.429	0.376	2.53	12.62	0.21	7.18	153.94	9.82	150	5.25	0			0.46				95.5	17.89		2024-10-18/Celestion
Celestion	TN1230	W	Active	12	6.09	46.6	4.76	0.37	0.35	4.45	72.42	0.16	64.33	530.93	18.55	350	3.75	0			0.99				95.6	56.5		2024-10-18/Celestion
Celestion	Truvox 0615	W	Active	6	5.59	89.6	5.535	0.516	0.472	1.076	10.584	0.298	7.44	154.54	8.032	150	3.5	0			0.369				93.7	11.54		2024-10-18/Celestion
Celestion	Truvox 1525	W	Active	15	6.58	49	12.918	0.803	0.756	1.924	80.772	0.131	135.4	855.3	14.273	400	4.75	0			0.703				95.8	30.96		2024-10-18/Celestion
Celestion	TSQ1845	W	Active	18	5	35	8.712	0.3	0.29	7.99	316	0.065	119.3	1134	33.8	1800	15	0			3.06				96.4	228.49		2024-10-18/Celestion
Celestion	TSQ2145	W	Active	21	5	30	8.393	0.359	0.344	9.77	435.2	0.065	253.8	1661.9	33.8	1800	15	0			3.91				96.8	228.49		2024-10-18/Celestion
Creative Sound Solutions	SDX10 XBL2	S	Active	10	3.5	26	4	0.47	0.42	4.41	112	0.347	53	330	11.8	300	18.4				1.42				88.6	39.78		2017-06-09/Damian Demendecki
Creative Sound Solutions	SDX12 XBL2	S	Active	12	3.7	21.3	3.96	0.41	0.37	9.434	276	0.2	67.5	491	18.4	500	14				1.38				87.4	91.5		2017-06-09/Damian Demendecki
Davis	13klv6a				6.2	56	8.1	0.39	0.37	0.383	8.8	0.915	8	79	7.03	50	3		8	30					88.7	7.97		2017-07-01/Data import
Davis	17klv6a				6.2	47	5.42	0.48	0.44	0.644	11.8	0.97	27	141	6.72	60	3		9	20					90.8	7.28		2017-07-01/Data import
Davis	M13KLV5				5.8	59	5.57	0.36	0.34	0.668	10	0.725	6.5	80	7.74	50	2		8	22					89.1	10.33		2017-07-01/Data import
Dayton Audio	DC160-8				6.7	34	3.5	0.36	0.33	1.393	22.8	0.96	24.5	135	9.53	50	3.15		9	25					87	13.56		2017-07-01/Data import
Dayton Audio	DS175-8				5.6	41	1.8	0.37	0.31	2.911	20.3	0.741	17	128	8.9	70	5.25		10	30					88.6	14.14		2017-07-01/Data import
Dayton Audio	DSA135-8	W	Active	5	5.9	51.8	2.04	0.47	0.38	1.515	9.5	0.994	7.93	75.4	6.22	50	4.9				0.78				87	6.56		2017-06-09/Damian Demendecki
Dayton Audio	DSA175-8	W	Active	6.5	5.8	38.4	1.66	0.35	0.29	3.117	21.45	0.801	18.7	129	9.75	70	5.3				0.85				88.2	16.39		2017-06-09/Damian Demendecki
Dayton Audio	DSA215-8	W	Active	8	5.9	35	1.87	0.4	0.33	4.06	34.52	0.599	37.4	211	10.6	80	5.5				1				89.4	19.04		2017-06-09/Damian Demendecki
Dayton Audio	ND105-8	W	Active	4	7.7	66.6	5.57	0.74	0.66	0.511	6.8	0.84	2.97	51.5	5.44	30	4	0			1.25				82.9	3.84		
Dayton Audio	ND140-4	W	Active	5.25	3.7	59.2	5.35	0.72	0.63	0.708	10.1	0.71	7.22	86.6	3.9	40	4				0.79				88.5	4.11		2017-11-09/Kimmo Saunisto
Dayton Audio	ND140-8	W	Active	5.25	7.8	56.5	5.01	0.79	0.68	0.74	10.4	0.76	7.74	86.6	6.05	40	4				1.44				84.6	4.69		2017-11-09/Kimmo Saunisto
Dayton Audio	RS100-4				3	80	3	0.57	0.48	0.636	3.8	1.043	2	37	3.17	30	4		3.5	6.5					88.8	3.35		2017-07-01/Data import
Dayton Audio	RS150-4	W	Active	6	3.1	45.1	1.96	0.4	0.33	1.113	7.7	1.618	16.4	85	4.1	40	4.4				0.34				91.9	5.42		2017-06-09/Damian Demendecki
Dayton Audio	RS150-8	W	Active	6	6.3	47.8	1.66	0.43	0.34	1.225	7.4	1.638	16.6	85	5.59	40	4				0.55				89.3	4.96		2017-06-09/Damian Demendecki
Dayton Audio	RS180-4	W	Active	7	3.1	38.4	2.13	0.59	0.46	2.012	17.8	0.967	21.2	125	4.71	60	6				0.45				89.2	7.16		2017-06-09/Damian Demendecki
Dayton Audio	RS180-8	W	Active	7	6.4	35.7	1.22	0.42	0.31	3.283	17.9	1.113	24.4	125	7.82	60	6				0.73				87.2	9.56		2017-06-09/Damian Demendecki
Dayton Audio	RS225-4	W	Active	8	3.2	33	2.02	0.52	0.41	3.307	32.2	0.722	46.4	214	6.4	80	6				0.49				91	12.8		2017-06-09/Damian Demendecki
Dayton Audio	RS225-8	W	Active	8	6.5	28.3	1.46	0.51	0.38	4.357	35.8	0.884	56.8	214	9.05	80	7				0.86				86.9	12.6		2017-06-09/Damian Demendecki
Dayton Audio	RS225P-8A	W	Active	8	7.1	31.6	1.25	0.46	0.34	3.7	23.6	1.07	68.8	213.8	8.5	120	7	0			1.02				89.3	10.18		2022-11-08/Janne Panu
Dayton Audio	RS225S-8	W		8	6.4	26.9	1.42	0.53	0.38	3.63	30.52	1.1	75.3	216.4	8.03	80	7				0.94				87.4	10.08		
Dayton Audio	RSS210HF-4	S	Active	8	3.3	28.3	3.08	0.6	0.5	3.81	66.02	0.48	32.4	219	7.76	280	9				0.68				86.7	18.25		
Dayton Audio	RSS210HO-4	S	Active	8	3.6	29.6	3.33	0.46	0.4	5.549	99.3	0.291	18.7	214	12	300	11				0.99				85.7	40		2017-06-09/Damian Demendecki
Dayton Audio	RSS210HO-8	S	Active	8	5.9	29.6	2.78	0.45	0.39	6.646	99.3	0.291	18.7	214	15.6	300	12				1.46				83.6	41.25		2017-06-09/Damian Demendecki
Dayton Audio	RSS210-PR	PR	Active	8		19.5	10.7			1.25	110	0.61	39.2	213			20											2024-07-14/Kimmo Saunisto
Dayton Audio	RSS265HF-4	S	Active	10	3.5	25.6	3.06	0.53	0.45	6.683	120	0.304	54	356	11.4	350	12.3				0.96				87.9	37.13		2017-06-09/Damian Demendecki
Dayton Audio	RSS265HF-8	S	Active	10	6.5	24.9	2.68	0.59	0.48	7.62	131	0.313	52.5	346	15	350	14.3				1.57				84.3	34.62		2017-06-09/Damian Demendecki
Dayton Audio	RSS265HO-4	S	Active	10	3.5	26.9	4.02	0.39	0.35	8.658	201	0.17	29.4	350	17.6	600	12.3				1.74				87.3	88.5		2017-06-09/Damian Demendecki
Dayton Audio	RSS265HO-44	S	Active	10	1.6	27.6	4.42	0.5	0.45	6.523	166.26	0.2	34.8	352	9.39	600	13.3				0.77				90.6	55.11		2017-06-09/Damian Demendecki
Dayton Audio	RSS265-PR	PR	Active	10		19.6	4.92			5.001	200	0.33	59.7	356.3			24											2024-07-14/Kimmo Saunisto
Dayton Audio	RSS315HF-4	S	Active	12	3.3	25	3.12	0.58	0.49	10.68	212.1	0.27	85.1	514.7	13.95	400	14.3				1.04				89.4	58.97		
Dayton Audio	RSS315HFA-8	S	Active	12	6.5	22.2	2.5	0.54	0.44	10.621	190.36	0.27	97.2	507	18	400	14.3				1.56				85.8	49.85		2017-06-09/Damian Demendecki
Dayton Audio	RSS315HO-4	S	Active	12	3.2	26.2	3.63	0.33	0.3	11.621	251	0.144	53.7	515	20	700	12.3				1.75				90.6	125		2017-06-09/Damian Demendecki
Dayton Audio	RSS315HO-44	S	Active	12	6.5	21.5	3.7	0.41	0.37	11.769	322.34	0.17	61.3	507	26.5	700	14				3.17				84.6	108.04		2017-06-09/Damian Demendecki
Dayton Audio	RSS315-PR	PR	Active	12		21	4.79			7.192	300	0.22	78.9	506.7			26											2024-05-27/Kimmo Saunisto
Dayton Audio	RSS390HO-4	S	Active	15	3.2	21.5	3.69	0.35	0.32	11.801	319	0.17	168	829.6	19.8	800	12	0			1.79				92.8	122.51		2022-11-08/Janne Panu
Dayton Audio	Ultimax UM10-22 DVC	S	Active	10	3.2	26.9	3.08	0.59	0.5	12.314	227	0.156	23.5	328	14.5	500	19				1.28				84.9	65.7		2017-06-09/Damian Demendecki
Dayton Audio	Ultimax UM12-22 DVC	S	Active	12	3.2	26.2	3.62	0.71	0.59	12.16	270	0.138	46.8	491	14.2	600	19				1.25				86.7	63.01		2017-06-09/Damian Demendecki
Dayton Audio	Ultimax UM8-22 DVC	S	Active	8	4.2	31.6	2.51	0.75	0.58	5.884	74.39	0.341	21.3	211	9.1	300	16				1.14				84.3	19.72		2017-06-09/Damian Demendecki
Dayton Audio	UMII18-22	S	Active	18	4.2	22	2.53	0.67	0.53	23.06	420	0.124	248.2	1184	19.2	1200	28	0			1.15				90.8	87.77		2024-10-25/K Saunisto
Dynaudio	15 W-75 4 ohm			5	3	55	1.7	0.6	0.44	2.44	12	0.7	7.39	87	4.55	130	2.75				0.15				89.4	6.9		
Dynaudio	15 W-75 8 ohm			5	4.9	55	1.6	0.6	0.44	2.59	12	0.7	7.39	87	5.82	130	2.75				0.19				87.2	6.91		
Dynaudio	17 W-75	W		6.5	5.1	39.3	2.8	1.05	0.76	1.32	15	1.1	22	120	4.24	130	3				0.23				85	3.53		
Dynaudio	17 W-75XL	W		6.5	5.1	39.9	2	0.6	0.46	2.01	16	0.99	20	120	5.84	130	3				0.23				87.2	6.69		
Dynaudio	17W-75 Ext.	W		6.5	5.1	39.3	2.8	1.1	0.79	1.32	15	1.1	22	120	4.15	130	3				0.23				84.8	3.38		
Dynaudio	19 W-38	W		6.5	5.2	44.2	2.5	0.5	0.42	1.67	15	0.86	23	138	6.59	75	2.5				0.27				89.9	8.35		
Dynaudio	20 W-75	W		8	5	29.7	1.8	0.7	0.5	2.08	20	1.4	65	180	5.17	130	4.5				0.3				87.9	5.35		
Dynaudio	21 W-54	W		8	5.6	32.7	2.13	0.38	0.32	2.6	27	0.88	59.6	220	9.04	160	3.5				0.25				90.9	14.59		
Dynaudio	24 W-100	W		8	5.2	30.4	1.64	0.45	0.35	3.5	30	0.91	62	220	8.13	350	4				0.73				89.7	12.71		
Dynaudio	24 W-75	W		8	5.5	32.9	3.32	1.11	0.83	1.12	18	1.3	88.2	220	4.3	120	2.75				0.45				88.1	3.36		
Dynaudio	30 W-100			12	5.85	24.5	2.7	0.81	0.62	2.01	35.2	1.2	269	400	6.26	450	4				0.73				90.2	6.7		
Dynaudio	30 W-54			12	6.25	23	2.41	0.42	0.36	2.5	41.6	1.1	257	400	9.44	210	3.5				0.25				91.8	14.26		
Dynaudio	D-28/2	T		1.25	5.2	629.8	0.31	0.43	0.18	6.69	0.53	0.12	0.01	7.7	5.04	130	0.15				0.07				91.5	4.88		
Dynavox	FE87				6.8	101	3.38	0.939	0.73	0.381	2	1.224	1.25	27	3.05	13	1		7	10					84.1	1.37		2017-07-01/Data import
Dynavox	FR88				6.3	105	2.6	0.78	0.6	0.496	2	1.175	1.2	27	3.23	15	1		6.8	9.5					85.5	1.66		2017-07-01/Data import
Dynavox	FR88EX				6	95	1.96	0.622	0.47	0.687	2.3	1.244	1.27	27	3.6	15	3		7	9.5					85.7	2.16		2017-07-01/Data import
Dynavox	FW146				6	50	3.5	0.46	0.41	0.791	8.8	1.15	9.8	78	6.01	35	3.6		8	12					87.5	6.02		2017-07-01/Data import
Dynavox	FW168				7.2	45	3.24	0.45	0.4	1.312	15	0.832	16.5	119	8.25	50	4.6		10	16					87.7	9.45		2017-07-01/Data import
Eclipse	W0838R	W		8	5	32.4	2.56	0.46	0.39	2.42	30.5	0.79	57	227	8.22	100	4				1				90.3	13.51		
Eclipse	W1038R			10	5.5	22.6	2.39	0.37	0.32	3.12	52.36	0.95	144.4	330	10.47	200	4.5				2.9				90.2	19.93		
Eclipse	W1238R	W		8	4.7	18	7.65	0.32	0.31	0.29	19.28	4.1	250	209.9	5.66	150	4				2.7				90.9	6.82		
Eighteen Sound	10CX650	C	Active	10	5.1	54	5.9	0.39	0.35	2.3	39.5	0.217	36.4	346	14	200	6				0.9				95.6	38.43		2016-02-28/Datasheet Import
Eighteen Sound	10M600	W	Active	10	5.2	70	4.5	0.25	0.23	3.39	32	0.149	25.6	350	17.6	400	4				1.28				99.3	59.57		2016-02-28/Datasheet Import
Eighteen Sound	10MB400	W	Active	10	5.1	70	3.5	0.37	0.33	2.72	21	0.239	41	350	12	250	2.5				1.05				99.8	28.24		2016-02-28/Datasheet Import
Eighteen Sound	10MB600	W	Active	10	5.7	58	5.5	0.23	0.22	2.57	38	0.194	33.4	350	18.6	450	6.5				1.6				98	60.69		2016-02-28/Datasheet Import
Eighteen Sound	10NDA520	W	Active	10	5.1	63	7.1	0.27	0.26	1.61	29	0.221	38	350	14.6	300	4				0.05				99.4	41.8		2016-02-28/Datasheet Import
Eighteen Sound	10NDA610	W	Active	10	5.5	89	7.1	0.24	0.23	2.4	30	0.105	18	350	20.3	400	2.5				0.06				100.9	74.93		2016-02-28/Datasheet Import
Eighteen Sound	10NMB420	W	Active	10	10.5	65	4.6	0.36	0.33	2.97	31.5	0.179	30	346	19	350	4				0.4				94.4	34.38		2016-02-28/Datasheet Import
Eighteen Sound	10NMB500	W	Active	10	5.2	67	2.73	0.36	0.32	3.04	20	0.286	48.1	346	11	250	2.5				0.2				99.9	23.27		2016-02-28/Datasheet Import
Eighteen Sound	10NMB520	W	Active	10	11.7	64	4	0.36	0.33	2.35	23	0.265	43	340	17.5	300	4				0.33				95.3	26.18		2016-02-28/Datasheet Import
Eighteen Sound	10NMBA520	W	Active	10	5	60	4.2	0.24	0.23	2.59	28	0.244	42	350	14.6	300	4				0.01				99.8	42.63		2016-02-28/Datasheet Import
Eighteen Sound	10NW650	W	Active	10	5	51	8	0.29	0.28	1.36	34.05	0.286	48	346	14	300	7				0.7				97.5	39.2		2016-02-28/Datasheet Import
Eighteen Sound	10W500	W	Active	10	6	53	4.22	0.31	0.29	2.71	33	0.263	45.2	350	14.6	280	5.5				0.72				96.6	35.53		2016-02-28/Datasheet Import
Eighteen Sound	12CX800	C	Active	12	5.8	53	4	0.27	0.25	4.06	48	0.185	73	530	18.5	400	6.25				1.3				99.4	59.01		2016-02-28/Datasheet Import
Eighteen Sound	12LW1400	W	Active	12	5.2	45	5	0.32	0.3	5.05	88	0.14	55	530	20	900	8.25				1.5				95.8	76.92		2016-02-28/Datasheet Import
Eighteen Sound	12LW800	W	Active	12	5.6	52	7.6	0.3	0.29	3.33	76.5	0.121	48	531	21.3	500	6.5				1.72				97.1	81.02		2016-02-28/Datasheet Import
Eighteen Sound	12MB1000	W	Active	12	5.8	54	6	0.2	0.18	3.23	55.5	0.152	60	531	23.5	600	2.5		8	30	1.46				100.1	95.22		2016-02-28/Datasheet Import
Eighteen Sound	12MB600	W	Active	12	5	44	3.9	0.19	0.18	3.19	43	0.291	115	531	18	450	4.5				1.32				101.2	64.8		2016-02-28/Datasheet Import
Eighteen Sound	12MB606	W	Active	12	5.7	50	6.3	0.34	0.32	2.38	47	0.212	84	531	16	450	6.5				1.5				98.4	44.91		2016-02-28/Datasheet Import
Eighteen Sound	12MB650	W	Active	12	6	48	3.2	0.24	0.23	4.54	48	0.228	90	530	19	400	5.5				0.83				99.4	60.17		2016-02-28/Datasheet Import
Eighteen Sound	12MB700	W	Active	12	5	49	4.7	0.2	0.19	2.71	41	0.255	101	531	17.8	450	4.5				0.9				101.8	63.37		2016-02-28/Datasheet Import
Eighteen Sound	12NCX750	C	Active	12	5.4	58	6.42	0.31	0.29	2.69	48	0.159	63	531	17.5	400	5.5				0.62				99.7	56.71		2016-02-28/Datasheet Import
Eighteen Sound	12NCX750H	C	Active	12	5.4	58	6.42	0.31	0.29	2.69	47	0.159	63	531	17.5	400	5.5				0.62				99.7	56.71		2016-02-28/Datasheet Import
Eighteen Sound	12ND610	W	Active	12	5.9	46	4.3	0.15	0.14	3.37	49	0.239	94.4	531	24	450	3.5				1.17				101.2	97.63		2016-02-28/Datasheet Import
Eighteen Sound	12ND710	W	Active	12	5	52	6	0.2	0.2	2.19	40	0.233	92	530	18	450	5				1				102.1	64.8		2016-02-28/Datasheet Import
Eighteen Sound	12ND730	W	Active	12	5.6	45	5.13	0.24	0.23	3.02	55	0.228	90	531	19.2	400	6.5				1.73				98.9	65.83		2016-02-28/Datasheet Import
Eighteen Sound	12ND830	W	Active	12	5.7	55	5.15	0.296	0.28	3.09	46	0.182	72	531	17.6	450	6.5				1.5				99.5	54.34		2016-02-28/Datasheet Import
Eighteen Sound	12ND930	W	Active	12	5.5	50	5.64	0.218	0.21	3.19	57	0.177	70	531	21.2	500	6.5				1.65				99.7	81.72		2016-02-28/Datasheet Import
Eighteen Sound	12NDA520	W	Active	12	5.2	50	5.5	0.284	0.27	2.06	36	0.281	111	531	14.4	300	4				0.03				100.8	39.88		2016-02-28/Datasheet Import
Eighteen Sound	12NLW9300	W	Active	12	4.7	40	4.67	0.25	0.24	3.86	72	0.221	87	530	18	800	8				0.49				97.8	68.94		2016-02-28/Datasheet Import
Eighteen Sound	12NMB420	W	Active	12	5.2	53	3.6	0.3	0.28	3.14	33.5	0.266	105	530	13.9	300	4				0.2				101	37.16		2016-02-28/Datasheet Import
Eighteen Sound	12NTLW3500-4	S	Active	12	3.1	54	13.1	0.34	0.33	2.186	85	0.1029	41	531	16.3	900	8	0			0.29				98.9	85.71		2021-02-24/Kimmo Saunisto
Eighteen Sound	12NTLW3500-8	S	Active	12	5.1	53	8	0.35	0.33	3.322	80	0.113	45	531	19.5	900	9	0			0.46				96.8	74.56		2021-02-24/Kimmo Saunisto
Eighteen Sound	12NW530	W	Active	12	4.9	55	9.7	0.384	0.37	3.28	93	0.091	36	530	19.7	500	8				0.9				96.1	79.2		2016-02-28/Datasheet Import
Eighteen Sound	12W1300	W	Active	12	5.2	50	4.15	0.28	0.26	5.4	72	0.142	56	530	20	700	7.5				1.9				97.9	76.92		2016-02-28/Datasheet Import
Eighteen Sound	12W500	W	Active	12	5.2	46	6.02	0.38	0.36	1.85	36.5	0.311	123	531	12.1	350	4				1.12				98.9	28.16		2016-02-28/Datasheet Import
Eighteen Sound	12W700	W	Active	12	5.7	58	3.93	0.37	0.36	5.02	51	0.139	55	531	17.7	450	6.5				1.48				98.1	54.96		2016-02-28/Datasheet Import
Eighteen Sound	12W750	W	Active	12	5.2	49	7	0.3	0.28	2.51	57	0.185	73	531	18	600	8				0.95				98.4	62.31		2016-02-28/Datasheet Import
Eighteen Sound	15CX1000	C	Active	15	5.5	48	6	0.32	0.31	4.28	85	0.129	132.5	855	21	850	6				1.5				100.2	80.18		2016-02-28/Datasheet Import
Eighteen Sound	15LW1400	W	Active	15	5.8	42	4.36	0.26	0.25	7.18	120	0.121	137	900	26.55	1000	6.5				2.55				99.3	121.53		2016-02-28/Datasheet Import
Eighteen Sound	15LW1401	W	Active	15	5	42	5.36	0.28	0.27	6.15	125	0.115	131	900	24.2	1000	9				2.15				99.4	117.13		2016-02-28/Datasheet Import
Eighteen Sound	15LW1402	W	Active	15	5.9	42	8.1	0.29	0.28	4.21	130	0.111	126	900	26.3	1000	7				2.66				98.4	117.24		2016-02-28/Datasheet Import
Eighteen Sound	15LW1500	W	Active	15	5	34	11.5	0.29	0.28	2.37	130	0.172	195	900	22.1	1000	9				2.4				98.3	97.68		2016-02-28/Datasheet Import
Eighteen Sound	15LW2400	W	Active	15	5.3	40	4.75	0.32	0.3	7.28	138	0.115	131	900	24	1200	10				1.25				98	108.68		2016-02-28/Datasheet Import
Eighteen Sound	15MB1000	W	Active	15	5.5	48	6	0.32	0.31	4.28	85	0.129	132.5	855	21	850	6				1.5				100.2	80.18		2016-02-28/Datasheet Import
Eighteen Sound	15MB606	W	Active	15	5	43	6.2	0.37	0.35	2.75	63	0.22	223	850	15.1	400	4.5				1.3				100.8	45.6		2016-02-28/Datasheet Import
Eighteen Sound	15MB650	W	Active	15	5.5	40	3.95	0.27	0.26	4.87	77	0.207	210	850	20	400	4				1.36				100.6	72.73		2016-02-28/Datasheet Import
Eighteen Sound	15MB700	W	Active	15	5	42	4.6	0.31	0.29	4.14	73	0.199	202	850	17.6	400	5.5				1.2				100.9	61.95		2016-02-28/Datasheet Import
Eighteen Sound	15NCX750	C	Active	15	5.4	49	6.32	0.4	0.37	3.98	81	0.129	141	881	18.4	400	5.5				0.66				99.9	62.7		2016-02-28/Datasheet Import
Eighteen Sound	15NCX750H	C	Active	15	5.4	49	6.32	0.4	0.37	3.98	80.6	0.129	141	881	18.5	400	5.5				0.66				99.9	63.38		2016-02-28/Datasheet Import
Eighteen Sound	15ND730	W	Active	15	4.9	35	6.7	0.34	0.32	4.85	146	0.14	163	910	21.6	1000	9				0.8				97.3	95.22		2016-02-28/Datasheet Import
Eighteen Sound	15ND830	W	Active	15	5.7	39	3.9	0.35	0.32	5.03	80	0.21	213	850	18	450	6.5				1.54				99	56.84		2016-02-28/Datasheet Import
Eighteen Sound	15ND930	W	Active	15	5.5	36	5.3	0.23	0.22	4.31	101	0.2	206	850	23.8	500	7.5				1.61				99.8	102.99		2016-02-28/Datasheet Import
Eighteen Sound	15NLW9300	W	Active	15	6	39	6.7	0.274	0.26	4.06	107	0.15	170	900	24.4	800	8				0.95				98.9	99.23		2016-02-28/Datasheet Import
Eighteen Sound	15NLW9400	W	Active	15	5.2	42	10.4	0.29	0.28	3.5	131	0.104	118	900	25	1000	9.5				1.1				98.7	120.19		2016-02-28/Datasheet Import
Eighteen Sound	15NLW9401	W	Active	15	5.2	39	4.13	0.28	0.26	8.37	141.13	0.118	134	900	25.4	1200	10				1.9				98.4	124.07		2016-02-28/Datasheet Import
Eighteen Sound	15NLW9500	W	Active	15	4.9	35	6.7	0.34	0.32	4.85	146	0.14	163	910	21.6	1000	9				0.8				97.3	95.22		2016-02-28/Datasheet Import
Eighteen Sound	15NMB420	W	Active	15	5.6	42	6	0.3	0.29	3.21	73	0.2	225	900	19	450	6.5				0.8				101	64.46		2016-02-28/Datasheet Import
Eighteen Sound	15NW530	W	Active	15	5.3	38	5.81	0.35	0.33	5.55	135	0.14	154	900	22	500	7.5				1.4				97.6	91.32		2016-02-28/Datasheet Import
Eighteen Sound	15W1301				5.5	48	8.5	0.37	0.35	3.597	101.4	0.108	123	900	21.32	600	6		16	60					99.3	82.64		2017-07-01/Data import
Eighteen Sound	15W500	W	Active	15	5.2	50	9.64	0.55	0.52	1.78	55	0.186	189	850	12.6	350	4				1.04				100.2	30.53		2016-02-28/Datasheet Import
Eighteen Sound	15W700	W	Active	15	5.7	38	3.8	0.33	0.3	5.03	80	0.21	217	850	18.4	450	6.5				1.57				99	59.4		2016-02-28/Datasheet Import
Eighteen Sound	15W750	W	Active	15	5.1	39	9.34	0.39	0.37	2.31	88	0.19	218	910	17.6	600	8				1.1				99.2	60.74		2016-02-28/Datasheet Import
Eighteen Sound	15W930	W	Active	15	5.5	33	8.78	0.23	0.22	2.29	97	0.23	240	860	22.1	500	7.5				1.47				99.4	88.8		2016-02-28/Datasheet Import
Eighteen Sound	18iD	S	Active	18	1.4	39	6	0.26	0.25	17.44	415	0.039	69	1130	24	1800	14				1.22				101.5	411.43		2016-02-28/Datasheet Import
Eighteen Sound	18LW1250	W	Active	18	5	35	8	0.28	0.27	3.81	142	0.149	268	1134	23.6	1000	9				2.73				100.2	111.39		2016-02-28/Datasheet Import
Eighteen Sound	18LW1400	W	Active	18	5	31	7.2	0.31	0.29	5.06	190	0.141	297	1225	24.7	1000	9				2.3				98.6	122.02		2016-02-28/Datasheet Import
Eighteen Sound	18LW2400	W	Active	18	5	35	7.2	0.32	0.31	5.79	192	0.109	230	1225	25.6	1200	9.5				1.35				98.9	131.07		2016-02-28/Datasheet Import
Eighteen Sound	18LW2500	W	Active	18	5.1	34	6	0.34	0.33	10.4	290	0.075	134	1130	30.5	1600	14.5				2.87				95.9	182.4		2016-02-28/Datasheet Import
Eighteen Sound	18LW800	W	Active	18	5	29	4.5	0.29	0.27	4.9	123	0.249	448	1133	20	500	8				1.94				99.8	80		2016-02-28/Datasheet Import
Eighteen Sound	18ND930	W	Active	18	5.5	33	7.65	0.29	0.28	3.6	133	0.175	316	1133	22	500	7.5				1.7				99.6	88		2016-02-28/Datasheet Import
Eighteen Sound	18ND9300	W	Active	18	5	30	7.86	0.29	0.28	4.47	184	0.151	316	1220	24.4	1000	9.5				2.02				98.7	119.07		2016-02-28/Datasheet Import
Eighteen Sound	18ND9310B	W	Active	18	5	31	7	0.37	0.35	5.06	182	0.145	303	1220	21.8	1000	9.5				1.2				97.9	95.05		2016-02-28/Datasheet Import
Eighteen Sound	18NLW4000	W	Active	18	5.1	34	6	0.34	0.33	10.4	290	0.075	134	1130	30.5	1600	14.5				2.87				95.9	182.4		2016-02-28/Datasheet Import
Eighteen Sound	18NLW9000	W	Active	18	5.5	34	7	0.32	0.31	6.82	218	0.098	206	1225	27	1800	14				1.9				97.7	132.55		2016-02-28/Datasheet Import
Eighteen Sound	18NLW9400	W	Active	18	5	33	6.1	0.28	0.26	6.23	180	0.127	268	1225	26	1200	9.5				1.9				99.4	135.2		2016-02-28/Datasheet Import
Eighteen Sound	18NLW9600	W	Active	18	4.7	34	8.7	0.29	0.28	6.48	261	0.083	149	1134	30	1800	14				2.11				97.4	191.49		2016-02-28/Datasheet Import
Eighteen Sound	18NLW9601	W	Active	18	4.7	39	5.7	0.3	0.28	10.69	255	0.067	120	1130	31	1800	14				2.19				98.1	204.47		2016-02-28/Datasheet Import
Eighteen Sound	18TLW3000	W	Active	18	4.6	33	13	0.42	0.41	4.22	266	0.088	185	1225	24.5	1800	12				1.8				96.4	130.49		2016-02-28/Datasheet Import
Eighteen Sound	18W1300	W	Active	18	5	35	5	0.35	0.33	5.68	129	0.16	336	1225	20.4	850	8.5				1.48				100.2	83.23		2016-02-28/Datasheet Import
Eighteen Sound	18W2000	W	Active	18	5.8	37	7.29	0.26	0.25	4.65	143	0.127	230	1134	27.1	1200	7				1.9				99.9	126.62		2016-02-28/Datasheet Import
Eighteen Sound	21iD	S	Active	21	1.3	38	5.6	0.24	0.23	20.21	489	0.037	143	1660	25.2	1800	14				1.08				105	488.49		2016-02-28/Datasheet Import
Eighteen Sound	21LW1400	W	Active	21	5	28	9.32	0.242	0.235	6.16	296	0.099	385	1662	33.5	1400	9.5				2.85				99.5	224.45		2016-02-28/Datasheet Import
Eighteen Sound	21LW2500	W	Active	21	4.8	30	9.35	0.37	0.35	7.57	368	0.075	290	1660	30.5	1600	14.5				2.58				97.5	193.8		2016-02-28/Datasheet Import
Eighteen Sound	21NLW4000	W	Active	21	4.8	30	9.35	0.37	0.35	7.57	368	0.075	290	1660	30.5	1600	14.5				2.58				97.5	193.8		2016-02-28/Datasheet Import
Eighteen Sound	21NLW9000	W	Active	21	6	29	9.32	0.36	0.34	7.55	390	0.078	304	1662	34.5	1800	14				2.8				96.4	198.38		2016-02-28/Datasheet Import
Eighteen Sound	21NLW9400	W	Active	21	3.5	33	8.85	0.36	0.35	6.19	248	0.088	340	1662	23	1200	9.5				1.51				100.9	151.14		2016-02-28/Datasheet Import
Eighteen Sound	21NLW9600	W	Active	21	6	29	9.32	0.23	0.22	7.55	390	0.078	304	1662	43.5	1800	14				3				98.3	315.38		2016-02-28/Datasheet Import
Eighteen Sound	8CX401F	C	Active	8	5	64	3.23	0.43	0.38	2.33	18	0.331	23.9	227	9.3	280	5.8				0.96				95.7	17.3		2016-02-28/Datasheet Import
Eighteen Sound	8CX650	C	Active	8	5	65	6.4	0.37	0.35	1.66	25.6	0.23	16.6	227	12	200	6				0.7				94.9	28.8		2016-02-28/Datasheet Import
Eighteen Sound	8M400	M	Active	8	5.2	90	6.2	0.28	0.27	1.27	14	0.224	16.2	227	12.2	250	3				0.95				100.1	28.62		2016-02-28/Datasheet Import
Eighteen Sound	8MB500	W	Active	8	5.1	74	2.66	0.51	0.43	2.79	17	0.29	21.5	230	9	280	6				0.6				96.3	15.88		2016-02-28/Datasheet Import
Eighteen Sound	8NM610	M	Active	8	10	259	1.2	0.28	0.23	21.34	17	0.024	1.6	220	31	400	3				0.5				101	96.1		2016-02-28/Datasheet Import
Eighteen Sound	8NMB420	W	Active	8	5	61	4	0.31	0.28	1.34	14.9	0.486	33	220	10	280	5.75				0.35				97.9	20		2016-02-28/Datasheet Import
Eighteen Sound	8NW650	W	Active	8	6.1	63	3.7	0.27	0.25	2.78	26	0.246	17.8	227	15.2	300	5.5				0.71				95.3	37.88		2016-02-28/Datasheet Import
Electro-Voice	EVM-12L				6	55	3	0.25	0.23	4.069	35.3	0.237	83	500	17.12	300	2		9	25					100.7	48.85		2017-07-01/Data import
Electro-Voice	EVM-12S				6	70	3	0.26	0.24	4.738	32.3	0.16	56	500	18.11	300	2		9	25					101.9	54.66		2017-07-01/Data import
Electro-Voice	EVM-15B				6	43	3	0.31	0.28	5.947	66	0.207	225	880	18.58	400	2		9	25					100.9	57.54		2017-07-01/Data import
Electro-Voice	EVM-15L				6	43	3	0.25	0.23	5.461	60.6	0.226	245	880	19.83	400	2		9	25					102.2	65.54		2017-07-01/Data import
Electro-Voice	EVM-18B				6	33	3	0.4	0.35	6.235	90.2	0.258	520	1200	16.75	400	2		10	30					99.9	46.76		2017-07-01/Data import
Eminence	ALPHA_10A	W	Active	10	5.31	50	5.21	0.66	0.59	1.33	22	0.46	82.2	355.4	7.5	150	3.2				0.66				95.7	10.59		2016-02-28/Datasheet Import
Eminence	ALPHA_12A	W	Active	12	6.3	49	6.53	0.88	0.77	1.55	33	0.32	121.5	519.5	8.5	150	2.4				0.79				95.1	11.47		2016-02-28/Datasheet Import
Eminence	ALPHA_15A	W	Active	15	5.88	41	7.23	1.53	1.26	2.15	59	0.25	260	856.3	7.7	200	3.8				0.84				94	10.08		2016-02-28/Datasheet Import
Eminence	ALPHA_6A				7.2	118	5.68	0.6	0.54	0.92	7.1	0.258	5.8	126.7	7.92	200	3.5		10	30					94.5	8.71		2017-07-01/Data import
Eminence	ALPHA_6CBMRA				5.3	140	3	0.55	0.46	2.106	7.2	0.18	4	126	7.8	100	1		7	22					96.8	11.48		2017-07-01/Data import
Eminence	ALPHA_8A	W	Active	8	5.3	73	4.6	0.68	0.59	1.69	17	0.28	17.7	210	7.8	125	3.2				0.44				93.8	11.48		2016-02-28/Datasheet Import
Eminence	ALPHA_8MR				7	105	2	0.41	0.34	2.402	7.3	0.316	21	218	9.06	100	0.1		8	12					100.3	11.73		2017-07-01/Data import
Eminence	ALPHA_8MRA	M	Active	8	7.32	514	4.48	2.08	1.42	6.91	7	0.01	0.8	205.9	8.9	125	1.6				0.34				99.6	10.82		2016-02-28/Datasheet Import
Eminence	BETA_10				6	52	7.5	0.52	0.49	0.878	20.2	0.465	82	355	8.72	150	1.5		9	25					96.7	12.67		2017-07-01/Data import
Eminence	BETA_10A	W	Active	10	5.75	53	8.14	0.52	0.49	1.02	25	0.36	60.1	344.9	9.6	250	3				0.67				95.8	16.03		2016-02-28/Datasheet Import
Eminence	BETA_10CBMRA	M	Active	10	5.68	326	7.14	2.27	1.73	6.84	18	0.01	1.7	350.1	9.5	200	1.5				0.48				97.6	15.89		2016-02-28/Datasheet Import
Eminence	BETA_10CX	C	Active	10	5.48	49	6.16	0.41	0.38	1.43	29	0.37	61.1	344.9	10.88	250	5				0.67				96.1	21.6		2016-02-28/Datasheet Import
Eminence	BETA_12A-2	W	Active	12	5	47	6	0.5	0.46	1.95	40	0.29	120.1	538.9	10.8	250	4.4				0.64				98	23.33		2016-02-28/Datasheet Import
Eminence	BETA_12CX	C	Active	12	5.42	47	5.64	0.52	0.48	2	38	0.3	120.94	538.9	10.79	250	3.5				0.64				97.5	21.48		2016-02-28/Datasheet Import
Eminence	BETA_12LTA	W	Active	12	7.37	45	6.44	0.55	0.51	1.62	36	0.34	136.3	532.4	11.7	225	3.2				0.83				95.9	18.57		2016-02-28/Datasheet Import
Eminence	BETA_15				6.3	36	6.2	0.6	0.55	2.217	60.8	0.322	330	856	12.01	150	2		10	30					97.1	22.9		2017-07-01/Data import
Eminence	BETA_15A	W	Active	15	6.32	35	8.1	0.63	0.58	1.6	60	0.35	334.6	823.7	11.5	300	4				1.1				96.6	20.93		2016-02-28/Datasheet Import
Eminence	BETA_8				6.2	68	10	0.36	0.35	0.653	15.3	0.359	23	214	10.6	150	1.5		10	30					96.1	18.12		2017-07-01/Data import
Eminence	BETA_8A	W	Active	8	5.99	65	4.95	0.42	0.38	1.34	16	0.37	23.3	210	9.6	225	3				0.49				95.1	15.39		2016-02-28/Datasheet Import
Eminence	BETA_8CX	C	Active	8	5.37	62	6.57	0.31	0.29	1.12	19	0.35	21.43	210	11.21	250	3.2				0.67				95.9	23.4		2016-02-28/Datasheet Import
Eminence	BOSS15				3.8	29	12	0.41	0.4	1.173	77.3	0.39	400	856	11.42	400	3.7		7	30					99	34.32		2017-07-01/Data import
Eminence	DEFINIMAX 4012HO	W	Active	12	5.81	49	11.07	0.34	0.33	2.26	82	0.13	53.68	545.4	20.7	600	6.2				1.19				96.1	73.75		2016-02-28/Datasheet Import
Eminence	DEFINIMAX 4012ULF-8	W	Active	12	6.2	40	12.13	0.32	0.31	3.28	153	0.1	41.3	545.4	27.38	1200	6.7				4.32				92.3	120.91		2016-02-28/Datasheet Import
Eminence	DEFINIMAX 4015LF	W	Active	15	5.18	40	11.94	0.54	0.52	3.03	137	0.11	111.97	856.3	18.14	1200	9				1.48				95.1	63.53		2016-02-28/Datasheet Import
Eminence	DEFINIMAX 4015ULF-8	W	Active	15	6.19	38	10.27	0.35	0.34	4.08	173	0.1	101.79	856.3	26.79	1200	7.3				4.43				95.1	115.95		2016-02-28/Datasheet Import
Eminence	DEFINIMAX 4018LF	W	Active	18	6.1	30	11.95	0.35	0.34	3.41	217	0.13	254.71	1188	26.75	1200	8.57				4.54				96.1	117.31		2016-02-28/Datasheet Import
Eminence	DELTA_10				5.7	65	8.3	0.35	0.34	1.397	28.4	0.211	35	344	13.74	300	0.9		10	30					97.9	33.12		2017-07-01/Data import
Eminence	DELTA_10A	W	Active	10	5.42	66	6.53	0.35	0.33	2.05	32	0.18	30.5	344.9	14.4	350	3.5				0.74				97.7	38.26		2016-02-28/Datasheet Import
Eminence	DELTA_10B	W	Active	10	11.6	65	8.34	0.35	0.33	1.4	28	0.21	36	344.9	19.5	350	3.5				0.79				94.9	32.78		2016-02-28/Datasheet Import
Eminence	DELTA_12				6.3	58	7	0.52	0.48	1.706	32.8	0.23	87	520	12.03	200	2.7		10	30					98.2	22.97		2017-07-01/Data import
Eminence	DELTA_12A	W	Active	12	6.3	55	5.27	0.46	0.43	2.61	39	0.21	81.3	519.5	13.5	400	2.4				0.74				97.7	28.93		2016-02-28/Datasheet Import
Eminence	DELTA_12B	W	Active	12	11.4	58	7.04	0.52	0.48	1.69	32	0.23	87	519.5	16	400	2.7				0.77				95.6	22.46		2016-02-28/Datasheet Import
Eminence	DELTA_12LF				6	42	17	0.55	0.53	0.985	63.5	0.226	89	530	13.52	200	2.5		10	30					94	30.47		2017-07-01/Data import
Eminence	DELTA_12LFA	W	Active	12	6.06	51	7.28	0.51	0.47	2.26	51	0.19	67.9	506.7	14.1	500	4.8				1.45				95.7	32.81		2016-02-28/Datasheet Import
Eminence	DELTA_12LFC	W	Active	12	3.2	52	8.21	0.47	0.44	2.19	53	0.17	63.7	506.7	10.9	500	4.8				0.94				98.8	37.13		2016-02-28/Datasheet Import
Eminence	DELTA_15A	W	Active	15	6.3	40	8.05	0.57	0.53	1.9	62	0.26	270.7	864.6	13.2	400	2.7				0.64				97.9	27.66		2016-02-28/Datasheet Import
Eminence	DELTA_15B	W	Active	15	11.3	45	6.54	0.67	0.61	2.85	64	0.19	204	856.3	17.6	400	1.6				1.35				94.9	27.41		2016-02-28/Datasheet Import
Eminence	DELTA_15LF				6.4	39	7.7	0.5	0.47	2.472	77.7	0.214	220	856	15.61	300	4.8		10	35					97.1	38.07		2017-07-01/Data import
Eminence	DELTA_15LF_4	W	Active	15	3.37	40	6.22	0.53	0.49	2.67	66	0.24	253.93	873	10.32	600	6				0.76				100.6	31.6		2016-02-28/Datasheet Import
Eminence	DELTA_15LFA	W	Active	15	6.11	39	6.3	0.52	0.48	2.82	75	0.23	241	873	14.6	500	4.8				1.37				97.6	34.89		2016-02-28/Datasheet Import
Eminence	DELTA_PRO_10MR_8	W	Active	10	6.55	53	6.77	0.24	0.23	1.27	26	0.35	61.37	355.4	15.41	200	1.3				0.42				98.7	36.25		2016-02-28/Datasheet Import
Eminence	DELTA_PRO_12_450_4	W	Active	12	3.65	45	7.97	0.41	0.39	1.27	36	0.35	137.73	532.4	9.51	450	5.2				0.45				100.3	24.78		2016-02-28/Datasheet Import
Eminence	DELTA_PRO_12_450A	W	Active	12	5.04	44	7.59	0.39	0.37	1.32	36	0.36	141.66	532.4	11.47	375	5.1				0.54				98.9	26.1		2016-02-28/Datasheet Import
Eminence	DELTA_PRO_12A	W	Active	12	5.71	51	7.56	0.37	0.35	1.97	48	0.21	81.7	532.4	15.3	400	4.6				0.84				98.1	41		2016-02-28/Datasheet Import
Eminence	DELTA_PRO_15A	W	Active	15	5.71	42	4.73	0.44	0.4	3.34	61	0.24	243.5	856.3	14.5	400	4.3				0.83				99.6	36.82		2016-02-28/Datasheet Import
Eminence	DELTA_PRO_18A	W	Active	18	5.3	28	10.38	0.33	0.32	2.19	128	0.25	493.2	1188	18.9	500	6.7				3.43				98.9	67.4		2016-02-28/Datasheet Import
Eminence	DELTA_PRO_18C	W	Active	18	3.8	27	13.24	0.32	0.32	1.78	137	0.25	488.8	1188	16.5	500	6.7				2.65				100	71.64		2016-02-28/Datasheet Import
Eminence	DELTA_PRO_8A	W	Active	8	5.4	69	6.43	0.22	0.22	1.28	19	0.28	18.32	218.2	14.1	225	3				0.82				98.1	36.82		2016-02-28/Datasheet Import
Eminence	DELTA_PRO_8B	W	Active	8	10.5	71	7.47	0.27	0.27	1.11	18	0.27	18.28	218.9	17.6	225	3				0.9				94.7	29.5		2016-02-28/Datasheet Import
Eminence	DELTALITEII_2510	W	Active	10	5.06	53	5.76	0.45	0.42	1.74	31	0.3	52.5	350.1	10.6	250	4.2				0.4				96.4	22.21		2016-02-28/Datasheet Import
Eminence	DELTALITEII_2510_4	W	Active	10	3.46	55	7.92	0.4	0.39	1.14	27	0.32	54.45	350.1	8.84	250	4.2				0.3				99.2	22.59		2016-02-28/Datasheet Import
Eminence	DELTALITEII_2512	W	Active	12	5.17	44	4.17	0.45	0.41	2.41	37	0.36	134.88	519.5	10.69	250	4.9				0.43				98	22.1		2016-02-28/Datasheet Import
Eminence	DELTALITEII_2515	W	Active	15	5.29	42	4.56	0.41	0.38	4.16	72	0.2	204	856.3	15.7	300	4.8				1.15				99.5	46.6		2016-02-28/Datasheet Import
Eminence	IMPERO 12A	W	Active	12	5.58	43	13.84	0.33	0.32	1.57	83	0.17	70.2	545.4	19.49	1100	6.22				1.46				95.8	68.08		2016-02-28/Datasheet Import
Eminence	IMPERO 15A	W	Active	15	5.42	43	15.33	0.4	0.39	1.72	101	0.14	142.51	856.3	19.18	1200	7.3				1.47				98.2	67.87		2016-02-28/Datasheet Import
Eminence	IMPERO 15C	W	Active	15	3.11	40	10.96	0.34	0.33	3.03	131	0.12	122.15	856.3	17.4	1200	7.41				1.08				99.7	97.35		2016-02-28/Datasheet Import
Eminence	IMPERO 18A	W	Active	18	5.41	33	14.02	0.44	0.43	2.02	140	0.17	317.02	1159	18.9	1200	8		18	70	1.47				97.8	66.03		2016-02-28/Datasheet Import
Eminence	IMPERO 18C	W	Active	18	3.13	31	10.13	0.35	0.34	2.98	148	0.17	317.02	1159	16.1	1200	8.13				1.09				100.4	82.81		2016-02-28/Datasheet Import
Eminence	KAPPA_12A	W	Active	12	5.41	45	7.76	0.28	0.27	1.52	42	0.3	112.1	519.5	15.2	450	3.2				0.77				99.3	42.71		2016-02-28/Datasheet Import
Eminence	KAPPA_15A	W	Active	15	5.22	33	8.9	0.33	0.32	1.75	76	0.31	321.3	856.3	15.7	450	4				1.05				99.3	47.22		2016-02-28/Datasheet Import
Eminence	KAPPA_15C	W	Active	15	3.68	31	10.14	0.25	0.25	1.45	77	0.35	329.9	856.3	14.7	450	2.4				0.88				101.3	58.72		2016-02-28/Datasheet Import
Eminence	KAPPA_15LFA	W	Active	15	5.4	39	6.08	0.41	0.38	4.47	105	0.15	159	856.3	18.6	600	5.5				1.27				97.3	64.07		2016-02-28/Datasheet Import
Eminence	KAPPA_PRO_10A	W	Active	10	6.5	46	10.1	0.2	0.2	1.11	38	0.31	52.2	344.9	18.8	500	3.2				1.15				97	54.38		2016-02-28/Datasheet Import
Eminence	KAPPA_PRO_10LF	W	Active	10	5.47	39	8.97	0.29	0.28	1.23	46	0.37	72.97	376.9	14.46	600	7.2				0.97				95.4	38.23		2016-02-28/Datasheet Import
Eminence	KAPPA_PRO_12A	W	Active	12	5.46	37	6.93	0.25	0.24	1.94	59	0.32	121	519.5	17.3	500	4.8				1.22				97.6	54.82		2016-02-28/Datasheet Import
Eminence	KAPPA_PRO_15A	W	Active	15	5.23	47	8.01	0.4	0.38	2.64	72	0.16	167.7	856.3	16.6	500	3.2				1.01				100.2	52.69		2016-02-28/Datasheet Import
Eminence	KAPPA_PRO_15LF2	W	Active	15	6.5	35	7.3	0.32	0.3	3.11	102	0.2	198.8	856.3	21.6	600	6.7				1.4				97.2	71.78		2016-02-28/Datasheet Import
Eminence	KAPPA_PRO_15LFC	W	Active	15	3.34	37	10	0.33	0.32	2.39	99	0.18	183.23	856.3	15.4	600	7.9				0.94				100.3	71.01		2016-02-28/Datasheet Import
Eminence	KAPPA_PRO_18LF_8	W	Active	18	5.39	32	10.66	0.34	0.33	2.22	119	0.21	391.61	1159	19.39	800	8				1.21				99.5	69.75		2016-02-28/Datasheet Import
Eminence	KAPPALITE 3010HO	W	Active	10	5.46	61	9.93	0.27	0.26	1.31	34	0.2	37.21	366.1	16.27	400	4.43				0.57				98.6	48.48		2016-02-28/Datasheet Import
Eminence	KAPPALITE 3010LF	W	Active	10	7.2	39	11.75	0.28	0.27	0.99	49	0.35	62.41	358.4	17.45	450	8.52				1.13				93.7	42.29		2016-02-28/Datasheet Import
Eminence	KAPPALITE 3010LF-4	W	Active	10	3.78	40	7.09	0.26	0.25	1.87	53	0.3	53.5	358.4	13.89	550	8.52				0.62				96.5	51.04		2016-02-28/Datasheet Import
Eminence	KAPPALITE 3010MB	W	Active	10	5.01	51	6.83	0.21	0.2	1.63	36	0.28	52.1	366.1	16.51	400	5				0.68				99.2	54.41		2016-02-28/Datasheet Import
Eminence	KAPPALITE 3012HO	W	Active	12	5.5	52	8.39	0.33	0.32	1.82	47	0.2	81.1	532.4	15.9	400	6.2				0.57				99	45.97		2016-02-28/Datasheet Import
Eminence	KAPPALITE 3012LF	W	Active	12	5.6	37	6.94	0.34	0.32	2.38	72	0.26	106.65	545.4	16.7	450	9.1				0.98				95.6	49.8		2016-02-28/Datasheet Import
Eminence	KAPPALITE 3012LF-4	W	Active	12	3.89	36	8.38	0.32	0.31	2.03	72	0.26	107.37	545.4	14.27	550	9.1				0.66				97.1	52.35		2016-02-28/Datasheet Import
Eminence	KAPPALITE 3015	W	Active	15	5.27	45	6.7	0.36	0.34	3.52	84	0.15	153	856	18.6	450	5.9				0.64				99.7	65.65		2016-02-28/Datasheet Import
Eminence	KAPPALITE 3015LF	W	Active	15	5.5	44	8.97	0.48	0.46	2.88	93	0.14	150.9	881.1	17	450	9.6				0.93				97.9	52.55		2016-02-28/Datasheet Import
Eminence	KAPPALITE 3015LF-4	W	Active	15	3.85	47	10.19	0.49	0.47	3.02	106	0.11	118.58	881.2	15.75	550	10.65				0.65				99.2	64.43		2016-02-28/Datasheet Import
Eminence	KILOMAX_PRO_15A	W	Active	15	4.97	41	8.8	0.4	0.39	2.94	98	0.15	154.5	856.3	17.7	1250	7.9				1.78				98.3	63.04		2016-02-28/Datasheet Import
Eminence	KILOMAX_PRO_18A	W	Active	18	5.07	32	10.15	0.49	0.47	2.72	143	0.18	331.5	1159	17.2	1250	10				1.59				97.4	58.35		2016-02-28/Datasheet Import
Eminence	LA10850	W	Active	10	5.13	55	9.09	0.26	0.25	1.03	26	0.31	57.68	366.1	13.44	350	2.9				0.54				99.6	35.21		2016-02-28/Datasheet Import
Eminence	LA12850	W	Active	12	5.87	46	12.73	0.32	0.32	1.7	73	0.16	66.07	545.4	19.51	800	5				0.96				96.4	64.84		2016-02-28/Datasheet Import
Eminence	LA15850	W	Active	15	5.83	34	9.27	0.34	0.33	2.2	98	0.23	234.15	856.3	18.98	800	4.1				1				97.7	61.79		2016-02-28/Datasheet Import
Eminence	LAB_12	W	Active	12	4.29	22	13.32	0.39	0.38	1.55	146	0.35	125.2	506.7	15	400	13				1.48				90	52.45		2016-02-28/Datasheet Import
Eminence	LAB_12C	W	Active	12	3.11	23	11.7	0.34	0.33	1.64	136	0.36	128.31	506.7	13.36	500	13				1.09				92.7	57.39		2016-02-28/Datasheet Import
Eminence	LAB_15	W	Active	15	4.9	28	5.36	0.37	0.35	9.64	308	0.11	103.61	823.7	26.7	600	11.8				3.23				92	145.49		2016-02-28/Datasheet Import
Eminence	LEGEND BP102-4	W	Active	10	2.7	35	10.61	0.4	0.38	0.7	34	0.63	103.8	344.9	7.1	400	6.2	0			0.68				97.2	18.67		
Eminence	LEGEND BP102-8	W	Active	10	5.59	35	5.36	0.47	0.43	1.6	38	0.54	91.2	334.5	10	400	6.2	0			0.83				92.8	17.89		
Eminence	OMEGA_PRO_15				5.3	39	5	0.36	0.34	4.129	84.3	0.198	200	850	17.43	600	3		12	35					99	57.32		2017-07-01/Data import
Eminence	OMEGA_PRO_15A	W	Active	15	5.28	33	5.69	0.33	0.32	3.39	94	0.25	258.5	856.3	17.5	800	4.8				1.04				98.3	58		2016-02-28/Datasheet Import
Eminence	OMEGA_PRO_18				5.1	28	5.5	0.25	0.24	5.501	172	0.188	354	1160	24.84	600	6		10	28					98.9	120.99		2017-07-01/Data import
Eminence	OMEGA_PRO_18A	W	Active	18	5.2	25	8.18	0.32	0.31	2.68	137	0.29	548.7	1159	18.8	800	4.8		16	70	1.67				98.2	67.97		2016-02-28/Datasheet Import
Eminence	OMEGA_PRO_18C	W	Active	18	2.5	23	6.41	0.29	0.28	3.18	146	0.34	639	1159	13.4	800	4.8				0.61				101.3	71.82		2016-02-28/Datasheet Import
Eminence	SIGMA_PRO_18				6.5	28	6	0.3	0.29	3.316	113.1	0.286	520	1140	20.76	500	6		10	28					98.7	66.3		2017-07-01/Data import
Eminence	SIGMA_PRO_18_4	W	Active	18	3.35	32	14.79	0.3	0.29	1.68	121	0.2	360.84	1140	16.54	700	7				0.85				101.7	81.66		2016-02-28/Datasheet Import
Eminence	SIGMA_PRO_18A_2	W	Active	18	6.29	28	8.28	0.3	0.29	2.86	130	0.24	441.2	1140	22.1	650	6.1				1.9				98.1	77.65		2016-02-28/Datasheet Import
Eminence	V10				3.2	29	4.6	0.42	0.38	1.434	36.2	0.832	130	334	7.09	200	4.6		5.5	25					94.8	15.71		2017-07-01/Data import
Eminence	V12				3.2	35	12	0.79	0.74	1.186	64.7	0.32	121	520	7.59	200	4.6		6	30					94.2	18		2017-07-01/Data import
Eminence	V6				3.8	62	4.8	1	0.83	1.278	15.8	0.418	9.45	127	4.83	200	3.7		5.5	25					88.8	6.14		2017-07-01/Data import
Eminence	V8				3.2	46	3.4	0.43	0.38	2.24	26.3	0.454	27	206	7.53	150	4.6		5.5	25					93.8	17.72		2017-07-01/Data import
Eminence	VMAX1000				4	27	13	0.41	0.4	1.338	102.5	0.339	351	860	13.03	400	4		6	25					97.3	42.45		2017-07-01/Data import
Eminence	VMAX600				4.2	54	20.5	0.43	0.42	0.931	56.3	0.154	25	340	13.65	300	5.5		7	30					94.4	44.36		2017-07-01/Data import
Eminence	VMAX800				3.4	29	20	0.34	0.33	0.787	86.4	0.349	132	520	12.55	400	6.9		7	30					95.5	46.32		2017-07-01/Data import
ESS	AMT1				4	1500	10	20	6.67	0.157	0.2	0.068	0.4	65	0.56	20	1		4.1	4.2					103.3	0.08		2017-07-01/Data import
Eton	4-203-25HEX				6.2	51	4	0.23	0.22	0.461	5.8	1.692	7.7	57	7.05	70	1.1		8	28					89.6	8.02		2017-07-01/Data import
Eton	4-300-25HEX				6	57	1.71	0.35	0.29	0.961	4.6	1.7	7.2	55	5.31	50	2		7	15					89.1	4.7		2017-07-01/Data import
Eton	5-880-25HEX			5	6.6	54	2.44	0.48	0.4	1.35	8.9	0.83	7.49	80	6.64	70	3		8.3	21.6					86.7	6.68		2017-07-01/Data import
Eton	7-372-32HEX				7	32	3.78	0.29	0.27	0.786	14.8	1.674	44	137	8.47	80	5.25		9	15					89.5	10.25		2017-07-01/Data import
Exodus Audio	Anarchy W06-017R-4	S	Active	6.5	3.2	46.9	6.59	0.46	0.43	1.17	26.17	0.44	10.6	131	7.32	150	12				0.77				89.7	16.74		2017-06-09/Damian Demendecki
FaitalPRO	10FE200	W	Active	10	5.9	55	11.3	0.74	0.7	0.75	24.5	0.34	53.4	332	8.2	150	4.67				0.42				94.1	11.4	June 17th, 2018	2018-06-17/Datasheet Import
FaitalPRO	10FH500	W	Active	10	5.1	60	3.3	0.28	0.26	5.4	47	0.15	22.9	328	17.9	500	7.5				0.85				96.4	62.83	June 17th, 2018	2018-06-17/Datasheet Import
FaitalPRO	10FH520	W	Active	10	5.1	60	11.1	0.3	0.29	1.7	50.3	0.14	20.5	321	18	600	7.25				0.9				95.6	63.53	June 17th, 2018	2018-06-17/Datasheet Import
FaitalPRO	10FH530	W	Active	10	5.1	60	12.4	0.25	0.25	1.53	50.3	0.14	20.4	321	19.5	500	7.5				0.8				96.4	74.56	June 17th, 2018	2018-06-17/Datasheet Import
FaitalPRO	10HP1020	W	Active	10	5.5	60	6.5	0.25	0.24	4.2	72.5	0.1	13.7	315	24.5	700	9				0.85				94.4	109.14	June 17th, 2018	2018-06-17/Datasheet Import
FaitalPRO	10PR300	W	Active	10	5.4	60	5.8	0.29	0.27	1.83	28.2	0.25	36.7	322	14.1	300	4.92				0.6				98.1	36.82	June 17th, 2018	2018-06-17/Datasheet Import
FaitalPRO	10PR310	W	Active	10	5.4	60	5.7	0.36	0.34	2.44	36.9	0.19	28	322	14.4	300	4.92				0.64				96	38.4	June 17th, 2018	2018-06-17/Datasheet Import
FaitalPRO	10PR320	W	Active	10	5.3	48	4.6	0.31	0.29	2.31	35	0.31	45.9	321	13.5	300	7.37				0.57				95.9	34.39	June 17th, 2018	2018-06-17/Datasheet Import
FaitalPRO	10PR330	W	Active	10	5.3	60	4.6	0.36	0.33	2.99	36.5	0.19	28.3	322	14.3	300	7.37				0.64				96.1	38.58	June 17th, 2018	2018-06-17/Datasheet Import
FaitalPRO	10PR410	W	Active	10	5.4	60	8.7	0.22	0.21	1.59	36.5	0.19	27.6	317.8	18.5	300	4.5				0.6				98	63.38	June 17th, 2018	2018-06-17/Datasheet Import
FaitalPRO	10RS350	W	Active	10	5.3	40	5.2	0.4	0.37	3.53	59	0.27	39.5	322	14	300	7.37				0.95				91.8	36.98	June 17th, 2018	2018-06-17/Datasheet Import
FaitalPRO	12FH500	W	Active	12	5.1	45	6.9	0.26	0.25	2.29	56	0.22	75.1	487	17.5	500	7.5				0.83				98.2	60.05	June 17th, 2018	2018-06-17/Datasheet Import
FaitalPRO	12FH510	W	Active	12	5.1	45	10.9	0.25	0.24	1.58	61	0.2	69.6	489	18.9	500	7.5				0.9				98	70.04	June 17th, 2018	2018-06-17/Datasheet Import
FaitalPRO	12FH520	W	Active	12	5.1	50	11.1	0.3	0.29	1.58	56	0.18	64.2	500	17.3	600	7.25				0.74				98.2	58.68	June 17th, 2018	2018-06-17/Datasheet Import
FaitalPRO	12FH530	W	Active	12	5.1	45	6.4	0.27	0.26	2.9	67	0.19	63	489	18.9	500	7.5				0.8				97.2	70.04	June 17th, 2018	2018-06-17/Datasheet Import
FaitalPRO	12HP1010	W	Active	12	5.5	45	9.4	0.35	0.33	2.62	87.2	0.14	50	496	19.8	700	9.25				1.33				94.8	71.28	June 17th, 2018	2018-06-17/Datasheet Import
FaitalPRO	12HP1020	W	Active	12	5.5	55	9.4	0.28	0.27	3.16	86	0.09	33.7	494	24.3	700	9				1.1				96.6	107.36	June 17th, 2018	2018-06-17/Datasheet Import
FaitalPRO	12HP1030	W	Active	12	5	45	13.8	0.31	0.3	2.7	130.5	0.09	29.9	469	24.3	1000	12.45				1.35				93.5	118.1	June 17th, 2018	2018-06-17/Datasheet Import
FaitalPRO	12HP1060	W	Active	12	5	45	12.1	0.29	0.28	2.96	126.9	0.1	30.08	469	24.8	1000	12.45				1.38				93.8	123.01	June 17th, 2018	2018-06-17/Datasheet Import
FaitalPRO	12PR300	W	Active	12	5.4	50	9.9	0.37	0.36	1.37	43.4	0.23	79.2	489	14.1	300	4.92				0.42				98	36.82	June 17th, 2018	2018-06-17/Datasheet Import
FaitalPRO	12PR310	W	Active	12	5.4	54	11.6	0.41	0.4	1.37	46.9	0.18	62.83	489	14.4	300	4.92				0.61				97.5	38.4	June 17th, 2018	2018-06-17/Datasheet Import
FaitalPRO	12PR320	W	Active	12	5.3	42	7.8	0.39	0.37	1.74	51.4	0.28	94.8	489	13.5	300	7.37				0.67				96.3	34.39	June 17th, 2018	2018-06-17/Datasheet Import
FaitalPRO	12PR330	W	Active	12	5.3	50	10.9	0.42	0.4	1.46	50.8	0.2	67.7	489	14.2	300	7.37				0.76				96.8	38.05	June 17th, 2018	2018-06-17/Datasheet Import
FaitalPRO	12RS1066	W	Active	12	5	42	13.9	0.34	0.33	2.97	156.5	0.09	29.5	476	24.8	1000	12.45				1.35				92.1	123.01	June 17th, 2018	2018-06-17/Datasheet Import
FaitalPRO	12RS550	W	Active	12	5.1	42	6.9	0.39	0.37	4.77	123	0.12	43.5	512.8	20.5	500	9.25				1.5				93.1	82.4	June 17th, 2018	2018-06-17/Datasheet Import
FaitalPRO	15FH500	W	Active	15	5.1	35	10.4	0.32	0.31	2.2	104	0.2	180.5	800	19.2	500	9.25		12.8	47.6	1.3				97.8	72.28	June 17th, 2018	2018-06-17/Datasheet Import
FaitalPRO	15FH500 16ohm	W	Active	15	12.7	35	13.2	0.47	0.45	1.6	95.4	0.2	197	800	23.8	500	9.3		24.4	76.3	2				92.5	44.6	June 17th, 2018	2018-06-17/Datasheet Import
FaitalPRO	15FH510	W	Active	15	5.1	35	10.7	0.27	0.27	2.2	108	0.19	173.8	800	21	500	9.25				1.4				98.4	86.47	June 17th, 2018	2018-06-17/Datasheet Import
FaitalPRO	15FH520	W	Active	15	5.6	38	10.1	0.41	0.4	2.5	105	0.16	156.6	813	18.4	600	8.75		12.8	47.4	0.89				96.8	60.46	June 17th, 2018	2018-06-17/Datasheet Import
FaitalPRO	15FH530	W	Active	15	5.1	39	8.9	0.36	0.35	3.4	123.5	0.13	126.4	813	20.7	500	9.25				1.1				97.1	84.02	June 17th, 2018	2018-06-17/Datasheet Import
FaitalPRO	15FX560	W	Active	15	5.2	38	6.8	0.31	0.3	4.06	115	0.15	143	813	21.5	700	9.42				0.64				97.9	88.89	June 17th, 2018	2018-06-17/Datasheet Import
FaitalPRO	15HP1010	W	Active	15	5.3	40	10	0.38	0.37	3.49	138.9	0.11	93.1	759	22	700	9.75				1.8				95.7	91.32	June 17th, 2018	2018-06-17/Datasheet Import
FaitalPRO	15HP1020	W	Active	15	5.5	40	10.2	0.28	0.27	2.9	118	0.13	109.6	759	24.2	700	9				1.2				97.6	106.48	June 17th, 2018	2018-06-17/Datasheet Import
FaitalPRO	15HP1030	W	Active	15	5	40	11.8	0.35	0.34	3.5	165	0.1	82.8	780	24.3	1000	12.45				1.4				95.8	118.1	June 17th, 2018	2018-06-17/Datasheet Import
FaitalPRO	15HP1060	W	Active	15	5	40	11.4	0.32	0.31	3.44	156.3	0.1	87.5	780	24.8	1000	12.45				1.32				96.5	123.01	June 17th, 2018	2018-06-17/Datasheet Import
FaitalPRO	15PR400	W	Active	15	5.1	35	6	0.34	0.32	3.11	85.2	0.24	223	805	16.7	400	5.75				0.75				98.4	54.68	June 17th, 2018	2018-06-17/Datasheet Import
FaitalPRO	15XL1400	W	Active	15	5.4	38	10.4	0.34	0.33	4.36	190	0.1	79.7	780	26.7	1400	12.92				1.6				94.8	132.02	June 17th, 2018	2018-06-17/Datasheet Import
FaitalPRO	18FH500	W	Active	18	5.1	30	12.5	0.36	0.35	2.06	137	0.21	374.8	1134	19	600	9.25				1.35				98.4	70.78	June 17th, 2018	2018-06-17/Datasheet Import
FaitalPRO	18FH510	W	Active	18	5.1	30	13.6	0.3	0.3	1.92	139	0.22	369.4	1134	21	600	9.25				1.06				99.2	86.47	June 17th, 2018	2018-06-17/Datasheet Import
FaitalPRO	18HP1010	W	Active	18	5.3	35	7.8	0.42	0.4	4.94	175.2	0.12	215.3	1134	22	1000	9.75				1.8				97.2	91.32	June 17th, 2018	2018-06-17/Datasheet Import
FaitalPRO	18HP1022	W	Active	18	5.4	35	14.4	0.31	0.3	3.67	207	0.1	179	1124	28	1000	9.5				1.75				97.6	145.19	June 17th, 2018	2018-06-17/Datasheet Import
FaitalPRO	18HP1030	W	Active	18	5	35	11.6	0.43	0.41	4.33	228.6	0.09	162.1	1124	24.3	1200	12.45				1.48				96.1	118.1	June 17th, 2018	2018-06-17/Datasheet Import
FaitalPRO	18HP1042	W	Active	18	5.5	38	10.3	0.43	0.42	4.58	187.5	0.08	151	1124	24.5	1000	9				1.26				96.5	109.14	June 17th, 2018	2018-06-17/Datasheet Import
FaitalPRO	18HP1060	W	Active	18	5	35	11.1	0.38	0.37	4.19	211.8	0.1	175	1124	24.8	1200	12.45				1.26				97	123.01	June 17th, 2018	2018-06-17/Datasheet Import
FaitalPRO	18HW1070	W	Active	18	5.4	32	10	0.39	0.37	5.2	259	0.1	171.2	1124	27	1600	13				1.68				95.3	135	June 17th, 2018	2018-06-17/Datasheet Import
FaitalPRO	18XL1600	W	Active	18	5.4	32	9.3	0.37	0.36	5.2	240	0.1	184.7	1124	26.7	1600	12.92				1.45				95.8	132.02	June 17th, 2018	2018-06-17/Datasheet Import
FaitalPRO	18XL1800	W	Active	18	5.35	29	9.9	0.42	0.4	5.1	275	0.11	185.8	1093.6	25.4	1600	20.17				2.04				94.1	120.59	June 17th, 2018	2018-06-17/Datasheet Import
FaitalPRO	18XL2000	W	Active	18	5.3	28	10.1	0.28	0.27	5	286	0.11	202.4	1124	30.8	2000	16.32				1.45				95.8	178.99	June 17th, 2018	2018-06-17/Datasheet Import
FaitalPRO	6FE100	W	Active	6	5.4	61	6	0.6	0.54	0.9	14	0.48	14.1	143	6.8	100	5.25				0.5				91	8.56	June 17th, 2018	2018-06-17/Datasheet Import
FaitalPRO	6FE200	W	Active	6	5.9	120	6.2	0.75	0.67	1.4	11.5	0.15	3	118	8.2	130	4.67				0.4				91.7	11.4	June 17th, 2018	2018-06-17/Datasheet Import
FaitalPRO	6PR110	W	Active	6	6	100	4.2	0.6	0.5	1.8	12	0.2	5	129	8.5	150	2.75				0.22				92.5	12.04	June 17th, 2018	2018-06-17/Datasheet Import
FaitalPRO	6PR122	W	Active	6	6	110	3.3	0.44	0.39	2.42	11.7	0.18	4.2	129	10.5	120	2.75				0.15				94.3	18.38	June 17th, 2018	2018-06-17/Datasheet Import
FaitalPRO	6PR150	W	Active	6	5.5	100	8.8	0.35	0.33	0.96	13.5	0.19	4.4	129	11.6	150	2.65				0.28				94.6	24.47	June 17th, 2018	2018-06-17/Datasheet Import
FaitalPRO	6PR160	W	Active	6	5.9	90	6.6	0.35	0.33	1.07	12.5	0.25	4.86	117	11	120	5				0.28				93.4	20.51	June 17th, 2018	2018-06-17/Datasheet Import
FaitalPRO	6RS140	W	Active	6	5.3	65	4.6	0.27	0.26	1.35	15.2	0.39	8.4	122.6	11	200	5.6				0.27				93.1	22.83	June 17th, 2018	2018-06-17/Datasheet Import
FaitalPRO	8FE200	W	Active	8	5.9	80	13	0.66	0.63	0.6	15	0.26	13.6	191	8.2	130	4.67				0.44				93.6	11.4	June 17th, 2018	2018-06-17/Datasheet Import
FaitalPRO	8FE200A	W		8	5.9	80	13	0.66	0.63	0.643	16.6	0.238	14	205	8.65	130	2		9	25					93.7	12.68		2017-07-01/Data import
FaitalPRO	8PR155	W	Active	8	5.3	85	8.8	0.39	0.37	1.48	24.5	0.14	8.7	207	13.4	200	3.57				0.41				95.2	33.88	June 17th, 2018	2018-06-17/Datasheet Import
FaitalPRO	8PR200	W	Active	8	5.1	58	9.4	0.38	0.36	1.04	27.2	0.28	15.1	196	11.5	200	8.15				0.55				92.8	25.93	June 17th, 2018	2018-06-17/Datasheet Import
FaitalPRO	8PR210	W	Active	8	5.7	65	3.1	0.32	0.29	3.38	25.3	0.24	12.9	196	13.5	200	6.92				0.46				93.9	31.97	June 17th, 2018	2018-06-17/Datasheet Import
FaitalPRO	8RS250	W	Active	8	5.7	56	5.7	0.34	0.32	1.89	30.6	0.26	16	207	13.5	200	6.92				0.35				92.6	31.97	June 17th, 2018	2018-06-17/Datasheet Import
FaitalPRO	8RS340 8ohm	W	Active	8	5.3	42	6.6	0.36	0.34	1.6	40.8	0.35	25.5	227.8	13	300	7.33	0			0.64				91	31.89		2024-07-21/Kimmo Saunisto
FaitalPRO	W6N8-120	W	Active	6	5.9	100	6.8	0.41	0.38	1.08	11.7	0.22	3.9	113	10.3	120	5				0.35				93.1	17.98	June 17th, 2018	2018-06-17/Datasheet Import
FaitalPRO	W8N8-150	W	Active	8	5.8	76	4.7	0.59	0.53	2.11	20.9	0.2	12.6	206	9.9	150	5.52				0.55				93.1	16.9	June 17th, 2018	2018-06-17/Datasheet Import
Fane	10-75 BASS			10	6.3	71.5	3.8	0.65	0.56	3.9	33	0.15	28	365.1	19.5	75									95	60.36		
Fane	12-100 LEAD			12	6.4	66.1	6.1	0.49	0.45	1.97	29	0.2	76	521	14	100									99.5	30.62		
Fane	12-150 LEAD			12	6.3	84.8	4.86	0.63	0.56	4.83	44	0.08	30	517.5	21.9	150									97.7	76.13		
Fane	18XB			18	6.5	32.9	2.28	0.15	0.14	17.23	190.05	0.12	226	1145	41	600	5.6				1.25				100.2	258.62		
Fane	Alnico 10-30			10	6.4	90.4	4.68	0.58	0.52	3.76	31	0.1	18	358.6	19.4	100									96.6	58.81		
Fane	Alnico 12-30			12	6.5	82.6	4.87	0.75	0.65	5.65	53	0.07	25	505.1	24.2	100									95.6	90.1		
Fane	Colossus 15 BASS			15	5.8	38.4	3.35	0.34	0.31	10.3	143	0.12	122	852.2	32	400	4		12	35	0.74				96.5	176.55		
Fane	Colossus 15XB			15	6.6	37.6	2.19	0.37	0.32	14.01	130	0.14	144	863.3	37	600	5		12	35	1.1				96	207.42		
Fane	Colossus 18 BASS			18	6.1	35.2	3	0.41	0.36	13.71	186	0.11	209	1165	36	400	4				0.73				96.6	212.46		
Fane	Colossus 18XB			18	6.5	32.9	2.28	0.46	0.38	17.24	190	0.12	226	1145.6	41	600	5				1.25				95.3	258.62		
Fane	Crescendo 10M			10	5.6	61	5	0.32	0.3	2.61	34	0.2	34.3	350	15.1	250	1.5								97.4	40.72		
Fane	Crescendo 10MB			10	5.6	54	5.17	0.28	0.27	2.56	39	0.22	36	339.6	16.2	300	3.75								96.6	46.86		
Fane	Crescendo 12MB			12	5.6	50	4.8	0.31	0.29	3.6	55	0.18	67	510	17.6	300	4.3								97.9	55.31		
Fane	Crescendo 15B			15	5.6	34	2.29	0.27	0.24	10.37	111	0.2	188	825.6	22.4	400	4.7								97.9	89.6		
Fane	Crescendo 15MB			15	5.6	42	4.51	0.23	0.22	4.8	82	0.17	167	825.6	22.4	300	3.3								100.9	89.6		
Fane	Crescendo 18B			18	5.6	29.9	2.34	0.28	0.25	10.84	135	0.21	363	1111.2	22.4	400	4.7								98.9	89.6		
Fane	DX10			10	5.7	19	5.47	0.42	0.39	1.39	64	1.1	20	114	20.9	175	3.8				0.98				78.6	76.63		
Fane	DX12			12	5.5	17.4	5.9	0.64	0.58	1.19	64	1.3	56	175.4	19.4	175	3.75				0.78				80.3	68.43		
Fane	DX12HE			12	5.4	57.9	5.96	0.4	0.37	3.84	63	0.12	52	556.3	19.6	200	3.75				0.88				97.7	71.14		
Fane	DX15HE			15	5.6	39.1	5.16	0.43	0.4	4.29	90	0.18	191	861.1	20.7	200	3.75				0.76				97.8	76.52		
Fane	Elite 300 Bass Guitar			15	6.5	51.6	7.37	0.37	0.35	4.18	95	0.1	110	886.4	20.2	300									99	62.78		
Fane	KC10-150C			10	5.7	61.4	4.6	0.49	0.44	1.76	21	0.32	59	362.9	13	150	2.5								97.9	29.65		
Fane	KC10-250C			10	5.7	72.2	3.25	0.38	0.34	3.77	27	0.18	28	333.3	12	250	2.5								97.9	25.26		
Fane	KC12-100C			12	6	52.5	6.38	0.53	0.49	1.76	34	0.27	99	511.8	13	100	2								97.6	28.17		
Fane	KC12-100CT			12	6	58	5.6	0.4	0.37	3.06	47	0.16	60	517.5	17	100	2								97.9	48.17		
Fane	KC12-175C			12	5.4	55.6	5.35	0.54	0.49	2.55	39	0.21	79	518.4	16	175	2.5								97.7	47.41		
Fane	KC12-200CT			12	5.3	47.3	3.7	0.28	0.26	3.37	42	0.27	100	514.3	18	200	2.5								99.6	61.13		
Fane	KC12-300C			12	6.6	57.5	5.51	0.28	0.27	2.95	45	0.17	64	518.6	17	300	0.5								99.2	43.79		
Fane	KC15-175C			15	6.3	41	5.1	0.58	0.52	5.21	103	0.15	152	862.3	23	175	2.5								95.6	83.97		
Fane	KC15-250C			15	5.4	44.9	3.8	0.42	0.38	7.35	99	0.13	128	848.5	27	250	0.5								98.1	135		
Fane	KC15-300C			15	6.7	44	4.85	0.42	0.39	5.87	103	0.13	132	861.6	24	300	0.5								97	85.97		
Fane	KC18-300C			18	6.3	30.2	4.5	0.42	0.38	4.89	116	0.24	444	1149.5	22	300	0.5								97.7	76.83		
Fane	KC8-75C	W		8	6	97.6	3.8	0.23	0.22	2.26	14	0.19	12	212.4	15	75									100.1	37.5		
Fane	KP10-100			10	5.9	80	5	0.37	0.34	0.93	9.2	0.43	78	360	10	100	1								103.7	16.95		
Fane	KP10-100C			10	5.3	44.4	3.5	0.66	0.56	2.63	33	0.39	70	358.1	13	100	1								93.5	31.89		
Fane	KP10-150C			10	5.7	61.4	4.54	0.49	0.44	1.78	21	0.32	58	359.8	13.5	150	2.5								97.8	31.97		
Fane	KP10-200C			10	5.4	55.7	4.78	0.38	0.35	3.15	43	0.19	34	357.5	18	200	0.5								95.6	60		
Fane	KP10-75			10	6.1	90.7	7.5	0.72	0.66	2.13	28	0.11	20	360.4	14.6	75	2								96.3	34.94		
Fane	KP10-75C			10	6.3	71.5	3.8	0.65	0.56	3.9	33	0.15	28	365.1	19.5	75									95	60.36		
Fane	KP12-100			12	6.1	70.5	8.5	0.48	0.45	1.77	34	0.15	58	525.5	13	100	2								99.4	27.7		
Fane	KP12-100C			12	6.2	63.7	7.32	0.83	0.75	2.13	39	0.16	60	517.5	15	100	2								95.8	36.29		
Fane	KP12-100CT			12	6.1	53.6	4.7	0.39	0.36	3.01	42	0.21	80	521.6	17	100	2								98.2	47.38		
Fane	KP12-100LM			12	6.4	73.6	6.9	0.82	0.73	2.41	36	0.13	48	513.6	16	100	1								96.6	40		
Fane	KP12-100T			12	6.1	70.5	8.5	0.48	0.45	1.77	34	0.15	58	525.5	13	100	2								99.4	27.7		
Fane	KP12-150C			12	5.6	60	2.4	0.55	0.45	5.81	37	0.19	74	527.4	23	150	2.5								98.2	94.46		
Fane	KP12-200C			12	5.5	45.4	4.4	0.36	0.33	3.5	54	0.23	85	516	19	200	0.5								97.1	65.64		
Fane	KP12-300C			12	6.4	55.4	6.1	0.35	0.33	3.02	53	0.16	67	553.9	17	300	0.5								98.1	45.16		
Fane	KP12-85			12	6.4	66.1	6.1	0.49	0.45	1.97	29	0.2	76	521	14	85	2								99.5	30.62		
Fane	KP15-100C			15	6.8	44.6	6	0.78	0.69	4.58	98	0.13	140	877.1	15	100	2								94.7	33.09		
Fane	KP15-150C			15	5.4	60.3	4.3	0.8	0.67	2.56	29	0.24	258	876.3	15	150	0.5								102.2	41.67		
Fane	KP15-175C			15	5.8	44.3	5.2	0.66	0.59	4.6	86	0.15	154	856.3	21	175	0.5								96.5	76.03		
Fane	KP15-200C			15	5.2	39.1	5.7	0.33	0.31	3.97	92	0.18	187	861.4	20	200	2.5								99.2	76.92		
Fane	KP15-300C			15	6.5	50.4	5.85	0.39	0.37	6	111	0.09	91	849.8	25	300	0.5								97.7	96.15		
Fane	KP8-50	W		8	5.6	95.1	6.3	0.71	0.64	0.66	7	0.4	26	215.5	8	50	2								98.5	11.43		
Fane	STUDIO 10M			10	5.7	72.8	3.25	0.38	0.34	3.66	26	0.18	27.2	325	13.35	200	5.5		9	20	0.65				97.9	31.27		
Fane	STUDIO 12B			12	5.2	47.5	3.21	0.3	0.27	2.69	29	0.39	144	515	12.24	200	5.6		8	20	0.59				101	28.81		
Fane	STUDIO 12BASS			12	6.1	25.1	2.7	0.18	0.17	2.8	48	0.84	312	515	16	150	5.6				0.6				97.6	41.97		
Fane	STUDIO 12L			12	5.2	49.3	3.26	0.28	0.26	3.04	32	0.33	121	515	13.57	200	5.6		8	20	0.6				101	35.41		
Fane	STUDIO 15B			15	5.2	46.6	3.5	0.5	0.44	7.53	90	0.13	116	800	16.56	200	5.6		9	25	0.57				97.6	52.74		
Fane	STUDIO 15L			15	5.2	45.7	3.92	0.37	0.34	4.84	66	0.18	190	860	16.33	200	5.6		9	25	0.63				100.8	51.28		
Fane	STUDIO 5FR			5.25	6.2	43	5.8	0.41	0.39	0.29	6.19	2.2	24	88	5	35	3		8	15	0.39				89.8	4.03		
Fane	STUDIO 5M				5.6	97	9.2	0.32	0.31	0.276	4.2	0.647	5.8	80	6.66	50	1		8	15					95.7	7.92		2017-07-01/Data import
Fane	STUDIO 8M	M		8	6.2	79.9	4.02	0.25	0.23	4.37	35	0.11	7	210	21	100	5		8	20	0.6				94.7	71.13		
Fane	Vintage 100			12	6.4	78.3	5.22	1.12	0.92	5.56	59	0.07	25	505.1	23.8	100									93.3	88.51		
Fane	Vintage 12-75			12	7.1	77.7	7.91	0.87	0.78	3.45	56	0.075	28	516.4	18.6	75									94.3	48.73		
Fane	Vintage 30			12	6.2	81.1	7	0.83	0.74	2.55	35	0.11	42	522.2	15.9	75									97.4	40.78		
Focal	10 K 6411			10	5.2	28.3	9.31	0.3	0.29	0.87	45.5	0.7	124.1	356.3	11.8	150	8				1.42				93.6	26.78		
Focal	10 V 01			10	6	31.7	2.5	0.32	0.28	2.18	27.4	0.92	157.7	350	10.11	100	3.9				0.62				95.2	17.04		
Focal	10V 516 (J)			10	5.2	22.3	6.38	0.34	0.32	1.13	51.4	0.99	179.79	360	10.5	150	3.75				0.92				91.6	21.2		
Focal	12 V 2				6	25	5	0.35	0.33	1.571	50	0.81	320	531	11.6	175	4		11	35					94.8	22.43		2017-07-01/Data import
Focal	12 V 726			12	6.2	19.3	1.71	0.38	0.31	5.33	75.22	0.9	330.48	511	12.23	100	9				1.24				91.1	24.12		
Focal	12V726S			12	6.1	29	2.23	0.42	0.35	4.08	49.76	0.6	220.41	510.7	11.49	175	4.5								94.2	21.64		
Focal	4 K 211	M		4	6	64.1	4.43	0.37	0.35	0.26	2.91	2.1	7.5	50.3	4.33	35	1.75				0.22				90.5	3.12		
Focal	4 V 211	M		4	6	77.3	4.77	0.54	0.49	0.39	3.8	1.1	4.57	54.1	4.53	35	0.9				0.23				89.2	3.42		
Focal	5 K 3211 B			5	6.7	54.1	3.49	0.48	0.42	0.65	6.7	1.3	13.6	86.6	5.7	50	3.2				0.63				89.3	4.85		
Focal	5 K 4411			5	6.1	70.7	4.27	0.34	0.31	0.72	6.9	0.73	7.7	86.6	7.4	70	0.5				0.24				92.2	8.98		
Focal	5 N 313			5	5.3	52	2.23	0.28	0.25	1.01	6.9	1.4	14.38	87	6.53	40	1				0.45				92.4	8.05		
Focal	5 N 411 L			5	6.6	44.7	2.03	0.42	0.35	1.32	9.6	1.3	14	87	6.49	60	3.25				0.5				87.6	6.38		
Focal	5 NV 4211 DB			5	3.1	40.4	3.37	0.23	0.22	0.84	11.1	1.4	14.7	86.6	6.1	45	2.75				0.48				92.4	12		
Focal	5 V 412 DBL			5	3	40.3	2.39	1.98	1.08	0.96	9.1	1.7	18.18	87	1.87	55	1.4				0.54				84	1.17		
Focal	5 V 4411				7.6	43	3.2	0.3	0.27	0.836	9.9	1.384	14	85	8.23	100	5.25		12	30					87.9	8.91		2017-07-01/Data import
Focal	5K013L			5	6.6	44.1	4.5	0.3	0.28	0.42	6.9	1.9	19.98	87	6.5	70	1.6								90.4	6.4		
Focal	5N 412 DBL			5	3	38.8	2.61	0.22	0.21	0.97	10.4	1.6	17.18	87	5.82	55	1.4				0.54				92.9	11.29		
Focal	6 K 4411	W		6.5	5.8	52	7.41	0.41	0.39	0.56	12.7	0.73	16	124.7	7.7	90	3.5				0.57				90.8	10.22		
Focal	6 V 415	W		6.5	7.8	39.8	2.59	0.32	0.29	1.32	13.72	1.2	25.5	125	9.12	115	5.3				0.85				89.1	10.66		
Focal	6 V 4411	W		6.5	7.6	45.9	6.6	0.37	0.35	0.66	15.1	0.64	14	124.7	9.5	110	5.25				0.85				87.9	11.88		
Focal	6 W 4359				4.2	29	2.9	0.21	0.2	0.714	11.4	2.651	58	125	6.44	100	5.15		7	24					93.1	9.87		2017-07-01/Data import
Focal	7 K 4211 DB	W		7	4.1	36.6	3.7	0.33	0.3	0.99	16	1.2	43.9	162.9	6.8	75	4.5				0.73				93	11.28		
Focal	7 K 4411	W		7	7.6	36	3.42	0.32	0.29	1.13	17.1	1.2	45	162.9	9.4	115	5.25				0.72				90.4	11.63		
Focal	7 N 515	W		7	7.8	31.4	2.61	0.22	0.21	1.38	18.2	1.4	52.34	163	11.17	125	2.65				0.95				90.8	16		
Focal	7 NV 4411	W		7	5.9	37.8	3.12	0.37	0.33	1.32	17.4	1	38	162.9	8.1	90	3.5				0.69				90.8	11.12		
Focal	7 V 4122 DB	W		7	4.1	37.7	2.4	0.35	0.31	1.73	17.5	1	37.9	162.9	7	75	4.5				0.76				92.5	11.95		
Focal	7K 011DBL	W		7	3	32.9	2.67	0.26	0.24	1.15	14.8	1.6	58.64	163	5.96	60	1.4				0.54				95.3	11.84		
Focal	7V 313	W		7	6	96.2	6.72	0.48	0.44	0.78	8.7	0.31	11	158	8.14	70	0.6				0.2				96.3	11.04		
Focal	8 K 415 S	W		8	7.8	21.6	5.07	0.27	0.25	0.59	22.21	2.4	168.7	222	9.36	150	5.3				0.85				90.1	11.23		
Focal	8 K 5412	W		8	5.1	31	3.44	0.38	0.34	1.49	26.4	1	69.1	221.7	8.3	125	8				1.2				91.3	13.51		
Focal	8 V 4411	W		8	5.3	29.6	1.26	0.33	0.26	3.19	21.6	1.3	92.2	221.7	8	100	4.5				0.6				92.4	12.08		
Focal	8 V 4412	W		8	7.7	27.4	2.9	0.33	0.3	1.31	22	1.5	105.9	221.7	9.4	125	5.25	0			0.9				90.4	11.48		
Focal	8K 516(J)	W		8	7.5	21.6	5.07	0.26	0.25	0.6	22.2	2.4	168	222	9.37	150	2.65								90.4	11.71		
Focal	8V 416(J)	W		8	5.2	22.8	3.61	0.32	0.3	1.19	29.9	1.6	112.18	222	8.3	150	3.75								90.1	13.25		
Fostex	Fe 103 MK II				7.1	75	2.2	0.33	0.29	0.457	2.1	2.113	8	52	4.65	20	1		7.1	7.1					92.6	3.05		2017-07-01/Data import
Fostex	FE103En				7.5	83	2.747	0.377	0.33	0.411	2.2	1.699	5.95	50	4.74	5	0.5		9	22					91.8	3		2017-07-01/Data import
Fostex	FE108ESigma				6.8	77	7.8	0.32	0.31	0.163	2.6	1.628	5.7	50	5.19	8	0.3		9	12					91.8	3.96		2017-07-01/Data import
Fostex	FE108Sigma				6.8	77	7.79	0.32	0.31	0.163	2.6	1.628	5.7	50	5.19	100	2		8	13					91.8	3.96		2017-07-01/Data import
Fostex	FE126En				7.2	83	4.8	0.33	0.31	0.278	2.6	1.437	8.5	65	5.4	15	0.35		9	20					94.1	4.05		2017-07-01/Data import
Fostex	FE138ES-R				6.8	65	7.6	0.36	0.34	0.283	5.3	1.14	11	83	6.37	20	0.75		8	12					91.9	5.97		2017-07-01/Data import
Fostex	FE166En				7.2	53	3.42	0.266	0.25	0.588	6	1.494	37	133	7.38	22	1		9	32					95.6	7.56		2017-07-01/Data import
Fostex	FE168ESigma				6.8	51	5.3	0.27	0.26	0.444	7.3	1.325	23.7	113	7.7	27	1.6		9	14					93.4	8.72		2017-07-01/Data import
Fostex	FE168ESigma_HH126				6.8	46	5.6	0.28	0.27	0.428	8.3	1.442	24	109	7.63	27	1.6		9	11					91.9	8.56		2017-07-01/Data import
Fostex	FE206En				6.8	45	4.57	0.194	0.19	0.648	10.5	1.195	70.99	206	10.19	30	0.8		10	16					97.9	15.27		2017-07-01/Data import
Fostex	FE208ESigma				6.4	42	6.2	0.19	0.18	0.576	13.5	1.06	60	201	10.97	40	1.25		9	14					96.7	18.8		2017-07-01/Data import
Fostex	FE83En				7.5	165	4.06	1.05	0.83	0.373	1.5	0.638	0.7	28	3.29	5	0.15		9	18					87	1.44		2017-07-01/Data import
Fostex	FF105WK				6.7	75	4.2	0.463	0.42	0.369	3.3	1.371	4.8	50	4.73	10	1.7		8	18					89.2	3.34		2017-07-01/Data import
Fostex	FF125WK				6.7	67	5.1	0.464	0.43	0.389	4.7	1.197	7.3	66	5.35	16	1.7		8	18					89.5	4.27		2017-07-01/Data import
Fostex	FF165WK				6.5	50	4.2	0.37	0.34	0.665	8.9	1.139	27.8	132	7.01	30	1.85		9	18					92.6	7.56		2017-07-01/Data import
Fostex	FF225WK				6	44	2.3	0.41	0.35	1.838	15.3	0.856	58	220	7.87	34	2.25		10	16					94.1	10.32		2017-07-01/Data import
Fostex	FF85WK				7.2	115	3.3	0.683	0.57	0.443	2	0.947	1.04	28	3.92	5	0.35		8	18					86.1	2.13		2017-07-01/Data import
Fostex	FW108N				6.3	55	8.8	0.27	0.26	0.281	7.2	1.171	4.1	50	7.59	17	1.9		9	18					87.1	9.14		2017-07-01/Data import
Fostex	FW168N				5.9	40	16	0.17	0.17	0.433	27.6	0.574	14	132	15.51	34	0.5		10	16					90.5	40.77		2017-07-01/Data import
Fostex	FW208N				5.8	29	13	0.21	0.21	0.583	41.6	0.724	43	206	14.47	34	6.5		10	16					90.4	36.1		2017-07-01/Data import
Fostex	FW305				6.6	25	2.7	0.28	0.25	3.652	62.8	0.646	254	530	15.24	40	4.8		10	25					94.4	35.19		2017-07-01/Data import
Fostex	FW405N				6.9	27	6.7	0.48	0.45	2.49	98.3	0.353	392	890	15.48	50	7.9		11	25					94.7	34.73		2017-07-01/Data import
Fostex	FW800HS				6.6	25	19	0.71	0.68	5.135	621.1	0.065	1473	4015	30.12	150	2.3		30	100					97.9	137.46		2017-07-01/Data import
Fostex	FX120				7.3	70	4	0.47	0.42	0.423	3.8	1.344	8.2	66	5.13	10	2		9	14					90.2	3.61		2017-07-01/Data import
Fostex	PS100				6.8	200	4.6	1.03	0.84	0.627	2.3	0.276	1.3	58	4.36	25	0.5		8	14					92.7	2.8		2017-07-01/Data import
Fostex	PS200				6.7	100	10.7	0.94	0.86	0.583	9.9	0.255	17.3	220	6.67	40	1.3		8	18					95.4	6.64		2017-07-01/Data import
Fountek	FW146	W	Active	5.25	6	50	3.51	0.46	0.41	0.782	8.94	1.16	9.8	77.6	6.06	35	3.6				0.4				87.5	6.12		2017-06-09/Damian Demendecki
Fountek	FW168	W	Active	6.5	7.2	45	3.25	0.45	0.4	1.31	14.7	0.831	16.5	119	8.2	50	4.6				0.6				87.7	9.34		2017-06-09/Damian Demendecki
Fountek	FW200	W	Active	8	6.8	35.7	2.26	0.68	0.52	2.057	20.9	0.959	61.6	214	6.83	75	4.35				0.8				88.9	6.86		2017-06-09/Damian Demendecki
Ghost	K 3865			15	5.6	25.4	2.74	0.5	0.43	4.57	78.43	0.5	483.4	830	11.79	250					0.87				95.5	24.82		
Ghost	M 6530	W		6.5	7.3	124	4.81	0.98	0.81	1.47	9.08	0.18	4.29	130	7.27	30					0.36				91.6	7.24		
Ghost	P 1250 A			12	7	36.4	6.49	0.55	0.5	1.65	46.9	0.41	154.1	520	11.73	150					1.52				93.9	19.66		
Ghost	P 2010	W		8	3.5	79.1	4.99	1.8	1.32	1.13	11.32	0.36	22.09	210	3.31	50					0.26				93.4	3.13		
Ghost	P 3030			12	6.9	36.8	3.69	0.88	0.71	2.13	33.99	0.55	205.6	516	7.83	100					0.74				93.3	8.89		
Ghost	P 3050			12	7.2	39.2	6.8	0.62	0.57	1.38	38.04	0.43	163.9	520	10.46	150					1.08				94.5	15.2		
Ghost	P 3850			15	7.1	30.6	12.54	0.6	0.57	1.08	70.43	0.38	370.3	830	12.67	200					1.15				95	22.61		
Ghost	P 3865			15	7.2	30.1	9.57	0.39	0.37	1.52	76.95	0.36	351.4	830	16.4	250					1.47				96.4	37.36		
GIA	130-04				5.8	44	1.93	0.4	0.33	1.348	9.4	1.391	12	78.5	6.14	40	1		8	18					87.5	6.5		2017-07-01/Data import
Gradient	AX-05				6	77	5.5	0.62	0.56	0.355	4	1.058	10.7	85	4.35	40	2		9	12					92.2	3.15		2017-07-01/Data import
Gradient	AX-06				5.9	54	6.77	0.49	0.46	0.381	7.6	1.142	28.3	133	5.57	40	2		9	12					92.9	5.26		2017-07-01/Data import
Gradient	AX-08				6.3	42	5.69	0.54	0.49	0.451	9.7	1.476	92	211	5.47	40	2		9	12					94	4.75		2017-07-01/Data import
Gradient	AXT-08				5.9	37	8	0.32	0.31	0.599	20.6	0.897	55.4	210	9.4	40	2		9	12					92.8	14.98		2017-07-01/Data import
Gradient	GDS182				5.3	37.5	2.73	0.43	0.37	1.362	15.8	1.141	30	137	6.77	80	3		7.5	19					89.4	8.65		2017-07-01/Data import
Gradient	MDS05				3.3	50	2.61	0.39	0.34	1.356	11.3	0.899	9.1	85	5.47	100	7		5	10					90.5	9.07		2017-07-01/Data import
Gradient	MDS06				3.3	38	3.61	0.48	0.42	1.256	19	0.924	22.2	131	5.58	100	7		5	10					89.9	9.44		2017-07-01/Data import
Gradient	MDS08				3.2	29	1.99	0.36	0.3	3.725	40.7	0.74	44	206	8.12	120	7		5	10					90.7	20.6		2017-07-01/Data import
Gradient	MDS12DVC				6.6	29.5	6.6	0.5	0.46	3.833	136.5	0.213	72	491	18.27	250	15		12	30					88.5	50.57		2017-07-01/Data import
Gradient	mpc125				5.6	95	1.5	0.7	0.48	1.567	3.9	0.713	2.3	48	4.34	50	2		6	13					88	3.36		2017-07-01/Data import
Gradient	tpc145				6.2	51	1.9	0.43	0.35	1.039	6.2	1.581	16	85	5.33	80	1.5		8	20					90	4.58		2017-07-01/Data import
Gradient	TPC80NV-4				3.3	93	2.63	0.38	0.33	0.588	2.6	1.108	1.9	35	3.66	60	1.5		4	6					91.9	4.06		2017-07-01/Data import
Gradient	W115-4				3.5	85	2.56	0.62	0.5	0.948	4.5	0.771	2.7	50	3.7	40	2		4	8					89.9	3.91		2017-07-01/Data import
Gradient	W115-8				6.5	86	2.8	0.9	0.68	0.941	4.9	0.703	2.46	50	4.36	40	2		8	16					85.3	2.92		2017-07-01/Data import
Gradient	W130AL8				6.1	44	1.75	0.42	0.34	1.561	9.9	1.324	13.4	85	6.3	75	2		8	15					87.5	6.51		2017-07-01/Data import
Gradient	W148-4				3.6	53	2.18	0.44	0.37	0.95	6.2	1.45	13	80	4.12	40	2		4	7					91.9	4.72		2017-07-01/Data import
Gradient	W148-8				6.8	53	2.13	0.58	0.46	1.003	6.4	1.406	12.6	80	5	40	2		8	14					87.8	3.68		2017-07-01/Data import
Gradient	W160AL8				6.2	44	2.1	0.59	0.46	1.795	13.6	0.96	21	125	6.29	80	3		8	15					87.9	6.38		2017-07-01/Data import
Gradient	W176-4				3.6	39	2.56	0.53	0.44	1.357	14.2	1.174	25.7	125	4.86	40	2		4	7					90.1	6.56		2017-07-01/Data import
Gradient	W176-8				6.5	39	2.77	0.68	0.55	1.3	14.7	1.133	24.8	125	5.87	40	2		8	14					86.3	5.3		2017-07-01/Data import
Gradient	W218-4				3.6	38	2.98	0.78	0.62	1.79	22.3	0.785	48.5	210	4.96	40	2		4	7					90.8	6.83		2017-07-01/Data import
Gradient	W218-8				6.5	38	3.7	1.05	0.82	1.557	24.1	0.727	44.9	210	5.97	40	2		8	14					86.6	5.48		2017-07-01/Data import
Görlich	130-25-8				6	56	2.2	0.44	0.37	1.131	7.1	1.143	12	86.6	5.82	40	1		8	21					90.1	5.65		2017-07-01/Data import
Görlich	TT130G Klang+Ton 4-2011				6.4	40	2.2	0.36	0.31	1.064	9.3	1.7	17.2	85	6.45	40	1		9.8	27.7					87.8	6.5		2017-07-01/Data import
Görlich	VK130-25-8				6.1	48	1.52	0.3	0.25	1.445	7.3	1.509	16	87	6.68	40	1		8.5	20					90.9	7.32		2017-07-01/Data import
Hemp Acoustics	CO15V			15	6.1	38	4.12	0.35	0.33	5.87	101.32	0.17	192	890	20.45	500	8.8								98	68.56		
Hemp Acoustics	CO8V	W		8	6.3	50	2.5	0.5	0.42	3.83	30.51	0.33	22.5	220	10.99	200	4.6								90.5	19.17		
Hemp Acoustics	FR8	W		8	6.2	40	3.5	0.53	0.45	0.86	12	1.2	88	230	5.94		1.9								93.4	5.69		
Hertz	HX 250			10	3.2	44.7	4.08	0.74	0.63	7.06	102.5	0.12	20.61	345	11.12		10				1.31				89.9	38.64		
HIIH	10 G 60			10	6.2	60.5	4	0.7	0.6	1.9	20	0.35	58	346	8.21	60									95.7	10.87		
HIIH	12 G 100			12	5.9	75.4	4	0.21	0.2	2.6	22	0.2	80	531	17.11	100									105.5	49.62		
HIIH	12 PA 100			12	5.9	86.9	4	0.28	0.26	2.87	21	0.16	63	531	15.55	100									105	40.98		
HIIH	1201 B			12	5.8	46.7	3.88	0.18	0.17	4.25	56.23	0.21	61.1	459.9	23.06	250	6.85				1.2				98.8	91.68		
HIIH	1201 E			12	5.7	45.5	3.3	0.18	0.17	4.32	49.8	0.25	72.7	459.9	21.24	250	4.5				1				99.3	79.15		
HIIH	1201 L			12	5.8	49.2	3.31	0.22	0.21	5.4	57.8	0.18	53.66	459.9	21.7	250	4.5				1				98	81.19		
HIIH	15 B 100			15	5.9	34.5	5	0.65	0.58	2.78	64	0.33	340	855	11.22	100									96.6	21.34		
HIIH	15 PA 100			15	5.9	30.6	5	0.52	0.47	2.54	66	0.41	420	855	12	100									97	24.41		
HIIH	1501 B			15	5.96	32.4	3.46	0.24	0.22	6.05	103	0.23	173	725.6	22.81	250	7				1.1				97.2	87.3		
HIIH	1501 E			15	5.68	35.4	4.96	0.25	0.24	3.51	78.23	0.26	190.5	725.6	19.88	250	4.5								98.8	69.58		
HIIH	18 B 300			18	5.9	30.6	3	0.38	0.33	7.69	120	0.23	406	1134	19	300									98.2	61.19		
HIIH	BL 12 L			12	6.4	61.5	4.25	0.42	0.38	4.09	45	0.15	44.8	463.8	16.28	100	6.25				1				96.9	41.41		
HIIH	BL 15 L			15	6.73	39.1	6.24	0.52	0.48	3.22	81.8	0.2	151.7	731	16.12	100	6				0.9				95.2	38.61		
HIIH	DC 100 LW			12	7.2	57.8	4.51	0.64	0.56	3.25	40.4	0.19	56.6	463.8	12.84	100	4.5				0.8				94.8	22.9		
HIIH	PL 100 S			12	7.23	77.4	4.88	0.45	0.41	2.66	26.73	0.16	46.9	460	14.45	100	4.5				0.9				99.3	28.88		
HiVi	B4N	F	Active	4	6.5	56	3.91	0.63	0.52	0.655	6.8	1.11	4.5	53	5.1	25	3.2	0							83.9	4		2022-11-08/Janne Panu
Isophon	MTS120				6	150	8.3	0.72	0.66	0.501	4.4	0.255	1.8	71	5.89	100	1.25		8	12					92.5	5.78		2017-07-01/Data import
Isophon	PSM120				6.3	120	6.1	0.68	0.61	0.658	5.3	0.331	2.4	72	6.1	100	1.25		8.5	12					90.9	5.91		2017-07-01/Data import
Janzen Audio	JA-8008 HMQ	W	Active	8	6.07	46	10	0.26	0.25	0.524	18	0.66	44.3	219	11.1	60	3								95.4	20.3		2017-08-31/Kimmo Saunisto
JBL	2118H	W		8	5.5	85	2.4	0.4	0.35	3.71	16.66	0.21	14	218	11	200	3				0.6				97	22		
JBL	2118J	W		8	10.3	85	2.4	0.41	0.35	3.71	16.66	0.21	14	218	15	200	3				0.6				94.1	21.84		
JBL	2123H			10	4.2	75	4	0.29	0.27	2.93	24.86	0.18	25	314	13	250	2.5				0.4				100.4	40.24		
JBL	2202H			12	5.5	50	3.5	0.17	0.16	4.03	44.92	0.23	87.7	527	21.37	150	3.4				1.1				101.7	83.03		
JBL	2206H			12	5.3	52	4.5	0.34	0.31	4.65	63.99	0.15	62	550	18.1	600	7.5				1.5				97.9	61.81		
JBL	2213H			12	4.4	25	8.5	0.52	0.49	1.06	57.26	0.71	235	487	8.72	75	7.8				0.6				93.1	17.28		
JBL	2214H			12	5.6	23	10.5	0.25	0.24	1.14	83.12	0.58	224	527	16.4	200	6.6				1.3				93.9	48.03		
JBL	2226H			15	5	40	5.7	0.33	0.32	4.32	98.08	0.16	175	880	19.2	600	7.6				1.75				99.3	73.73		
JBL	2226J			15	10	40	5.7	0.34	0.32	4.32	98.08	0.16	175	880	27.1	600	7.6				3.5				96.2	73.44		
JBL	2235H	S		15	6	20	2.5	0.28	0.25	7.81	155.4	0.41	458	896	20.46	150	8.4				1.2				94.4	69.77		
JBL	2241G			18	2.5	35	5.7	0.43	0.4	5.54	143.59	0.14	310	1240	13.6	600	7.6				0.86				102	73.98		
JBL	2241H			18	5	35	5.7	0.43	0.4	5.54	143.59	0.14	310	1240	19.2	600	7.6				1.75				98.9	73.73		
JBL	2245H	S		18	5.8	20	2.2	0.27	0.24	10.38	181.65	0.35	821	1297	22.14	300	9.6				1.4				97.3	84.51		
JBL	800GTI				3.2	67	4.8	0.6	0.53	3.554	40.5	0.139	7.8	200	9.54	100	4		4	10					91.9	28.44		2017-07-01/Data import
JBL	E110			10	6	63	4	0.4	0.36	1.95	19.7	0.32	45.3	316	10.81	75	2.5				0.4				97.8	19.48		
JBL	E120			12	6.3	60	1.8	0.19	0.17	7.23	34.54	0.2	79.2	527	20.78	150	3				0.4				102.6	68.54		
JBL	E130			15	6.3	40	1.8	0.21	0.19	8.31	59.51	0.27	297	893	21.18	150	2.5				0.4				102.6	71.21		
JBL	E140			15	5.5	32	5	0.19	0.18	3.76	93.61	0.26	297	896	23.34	200	3.4				1.1				100.7	99.05		
JBL	GT152			15	2.2	24	8.12	0.41	0.39	2.62	141.28	0.31	319.42	856.1	10.65	150	3.8				0.84				97.9	51.56		
JBL	W15GTi-MkII	S	Active	15	2.95	25.2	7.2	0.51	0.48	5.726	260.67	0.153	132.2	780	15.39	800	20.32	0			1				92.5	80.29		2022-11-08/Janne Panu
Joku	12F400GW	W	Active	12	4.54	46.4	15.12	0.323	0.316	1.5	79.59	0.1433	64	550	17.91	100	8	0.052	9.5	36.3	2.21	0.254	0.0995	151	97.4	70.65		
Jordan (EAD)	jx92s			5	5.4	51	2.1	0.76	0.56	1.07	7.01	1.4	12	78.5	4		4.5								86.9	2.96		
KEF	B110-A			5.25	7.1	35	6.7	0.32	0.31	0.34	10.38	2	23.6	92	7.1	30	3				0.45				87.5	7.1		
KEF	B110-B			5.25	7.1	36	2.44	0.31	0.28	0.91	9.8	2	23.6	92	7.1	50	3				0.45				88	7.1		
KEF	B139-B			10	6.6	25	5.5	0.3	0.28	1.24	43.5	0.93	164	354	12.3	100	3				0.56				92.2	22.92		
KEF	B200-A	W		8	7.1	24.6	4.7	0.52	0.47	0.79	24	1.7	131.5	232	7.1	50	3				0.42				88.3	7.1		
KEF	Q200H	W		8	3.9	35	3.33	0.39	0.35	1.27	19.28	1.1	74	222	6.51	75									94.2	10.87		
Kenford	ZYD300B-8-6-12				5.5	54	10.8	0.44	0.42	1.592	50.7	0.171	60	500	14.66	125	2.5		8	30					96.9	39.08		2017-07-01/Data import
Klipsch	KP-1543			10	3.4	36.2	5.31	0.33	0.31	0.72	16.79	1.2	198	350.5	6.24	400	3.7				1.06				100.3	11.45		
Klipsch	KP-1548			10	4.1	37.7	4.6	0.46	0.42	0.69	13.39	1.3	213	338.1	5.31	400	2.75				1.25				98.8	6.88		
Mach5Audio	IXL 18.4	S		18	3.4	17.7	5.59	0.39	0.36	8.69	434.3	0.18	274.1	1029.2	20.52		11								91.6	123.84		
Madisound	12204DVC			12	3.7	24.5	4.58	0.42	0.38	2.55	75.72	0.56	220	531	10.13	100	2.5				0.26				94.2	27.73		
Mark Audio	Alpair 10			5.25	5.4	40	2.24	0.39	0.33	1.04	9.24	2.4	19.5	90	5.83	70	4.25				0.07				88.8	6.29		
McGee	201847 Mk II HTH				6	88	3	1.2	0.86	4.668	25.3	0.129	7.6	205	8.37	100	2		9	25					89.6	11.68		2017-07-01/Data import
MCM	55-1853	F	Active	4	6.8	60	2.41	0.46	0.38	0.902	5.83	1.22	5	54.1	5.67	20	2.6	0	8.8	22.7	0.77				86.4	4.73	2002/03/14	2019-10-09/Kimmo Saunisto
M-Force	301P02	S	Active	30	0.26	26	14.42	0.23	0.226	27.6	2436	0.015	222	3210	21	5000	18	0			4.3				109.2	1696.15		2024-02-14/Kimmo Saunisto
MGR	20 K 10 A	W		8	5.6	37.8	3.68	0.5	0.44	1.01	15.56	1.1	79.84	224	6.46	100					1.03				92.9	7.45		
MGR	25 K 20 A			10	5.4	31.1	3.63	0.45	0.4	1.36	25.26	1	183.4	356	7.7	125					1.27				94.6	10.98		
MGR	M 12 PP 5 A			4.5	5.3	540.7	9.57	4.54	3.08	1.43	4.01	0.022	0.17	76	3.99	100					0.25				91.5	3		
mivoc	AW2000				3	30	4.1	0.32	0.3	2.243	48.8	0.577	37	214	9.28	150	6.5		12	44					91.2	28.71		2017-07-01/Data import
mivoc	AW3000				3	27	4.1	0.33	0.31	5.336	128.9	0.269	97	507	14.1	100	6.4		15	55					93.9	66.27		2017-07-01/Data import
mivoc	AWM104				3.1	31	7.4	0.27	0.26	3.144	119.4	0.221	37	346	16.34	200	9		24	115					92.2	86.13		2017-07-01/Data import
mivoc	AWM124				3.1	30	7.5	0.26	0.25	3.745	149	0.189	68	507	18.3	220	9		24	115					94.6	108.03		2017-07-01/Data import
mivoc	AWX184				3.2	28	2.4	0.36	0.31	14.861	202.7	0.159	315	1188	17.81	400	5		9.5	25					98.8	99.12		2017-07-01/Data import
mivoc	MHE380				6.3	91	6.6	0.52	0.48	0.152	1.8	1.748	1.1	21.2	3.48	50	1.5		7	18					85.1	1.92		2017-07-01/Data import
mivoc	WAL416				11.2	61	5.45	0.62	0.56	0.471	6.7	1.017	4	53	6.81	60	5		16	47					82.2	4.14		2017-07-01/Data import
mivoc	WPP150				6	48	2.1	0.49	0.4	1.14	7.9	1.385	11.5	77	5.41	70	3.4		9.5	26					87.4	4.88		2017-07-01/Data import
mivoc	WPP180				6	46	1.9	0.52	0.41	2.033	13.4	0.896	21.2	130	6.68	80	3.8		8.5	23					89.2	7.44		2017-07-01/Data import
mivoc	WPT138				6.3	51	3.6	0.52	0.45	0.704	7.9	1.232	11.6	82	5.54	70	3.5		9	26					87.7	4.87		2017-07-01/Data import
mivoc	XAW110HC				6	54	4.9	0.36	0.34	0.501	7.2	1.2	4.9	54	6.4	60	3		7.5	22					86.6	6.83		2017-07-01/Data import
mivoc	XAW180HC				5.6	35	4.5	0.41	0.38	0.736	15.1	1.373	33.5	132	6.73	100	4.2		8.5	27					89	8.09		2017-07-01/Data import
mivoc	XAW210HC				3	32	5.3	0.28	0.27	1.747	46.1	0.537	31	203	9.96	120	7.8		13.5	55					91.9	33.07		2017-07-01/Data import
mivoc	XAW310HC				2.8	30	4.9	0.33	0.31	4.476	116.4	0.242	81	489	13.64	220	10		15	72					94.8	66.45		2017-07-01/Data import
Monacor	BLACKBASS-10				7.2	32	7.2	0.46	0.43	3.406	122	0.203	30	325	19.59	175	15		11	30					85.8	53.3		2017-07-01/Data import
Monacor	BLACKBASS-12				7.2	29	8.8	0.51	0.48	3.438	166	0.181	61	490	20.67	200	15		11	30					87.1	59.34		2017-07-01/Data import
Monacor	Predator-12				3.6	33	4.2	0.52	0.46	7.058	143	0.163	64	530	14.33	500	12		15	60					91.9	57.04		2017-07-01/Data import
Monacor	Raptor-12			0	3.3	43	9	0.58	0.54	5.654	188.4	0.073	22.5	470	17.02	1000	13		10	40					90.7	87.78		2017-07-01/Data import
Monacor	Raptor-12MK2				3.4	34	7.8	0.56	0.52	5.802	211.8	0.103	32	470	16.58	1000	13.5		7	50					89.2	80.85		2017-07-01/Data import
Monacor	Raptor-15MK2				3.4	31	8.5	0.75	0.69	6.379	278.4	0.095	87	810	15.68	1000	13.5		7	50					91.1	72.31		2017-07-01/Data import
Monacor	Raptor-6				3.4	53	2.2	0.43	0.36	3.537	23.4	0.386	6.9	113	7.84	100	9		5	25					89.5	18.08		2017-07-01/Data import
Monacor	Sonic-12				3.8	27	11.2	0.49	0.47	3.774	249.1	0.139	51	511	18.1	700	25		20	100					88.3	86.21		2017-07-01/Data import
Monacor	Sonic-15				3.8	25	10.8	0.52	0.5	4.513	310.3	0.131	126	830	18.87	800	25		18	100					91	93.7		2017-07-01/Data import
Monacor	SP-10-100PA				6.9	65	4.1	0.42	0.38	3.202	32.1	0.187	32	350	14.69	100	2.5		10	28					95.8	31.27		2017-07-01/Data import
Monacor	SP-10-150PA				6.9	60	5.36	0.3	0.28	2.497	35.5	0.198	34	350	17.55	150	4		12	35					96.5	44.64		2017-07-01/Data import
Monacor	SP-10A-302PA				6.4	55	7.44	0.31	0.3	1.63	35.1	0.239	40	346	15.82	300	4		12	35					96.3	39.11		2017-07-01/Data import
Monacor	SP-12-100PA				6.8	55	4.34	0.51	0.46	3.872	48.6	0.172	68	531	14.97	100	2.5		12	35					96.2	32.96		2017-07-01/Data import
Monacor	SP-12-200PA				6.8	45	5.2	0.35	0.33	2.356	43.3	0.289	114	531	15.43	200	4		15	50					97.4	35.01		2017-07-01/Data import
Monacor	SP-12-500FH				5.1	45	6.9	0.26	0.25	2.268	55.3	0.226	76	490	17.52	500	7.25		8	30					98.2	60.19		2017-07-01/Data import
Monacor	SP-12A-302PA				6.4	50	7.9	0.35	0.34	2.058	51.8	0.196	77	530	17.24	300	5		12	35					97.4	46.44		2017-07-01/Data import
Monacor	SP-15-300PA				6.8	38	5.44	0.29	0.28	3.397	77.4	0.227	232	855	20.82	300	3		15	50					99.1	63.75		2017-07-01/Data import
Monacor	SP-15A-402PA				6.5	36	7.45	0.33	0.32	2.745	90.4	0.216	235	881	20.07	400	5		12	45					98.1	61.97		2017-07-01/Data import
Monacor	SP-18-1000HP				5.5	38	8.8	0.28	0.27	4.903	180.7	0.097	200	1213	29.11	1000	9.5		7.5	65					99.6	154.07		2017-07-01/Data import
Monacor	SP-30-200PA				6.5	44	6.7	0.41	0.39	1.837	44.5	0.294	120	540	13.97	200	2.5		15	40					96.9	30.02		2017-07-01/Data import
Monacor	SP-30A-200PRO				5.8	45	4.33	0.36	0.33	2.819	43.2	0.29	114	530	14.02	200	2		11	35					98	33.89		2017-07-01/Data import
Monacor	SP-30A-250PA				5.4	52	5.55	0.25	0.24	3.499	59.4	0.158	62	530	20.48	250	3.5		12	40					99.1	77.67		2017-07-01/Data import
Monacor	SP-30A-300NEO				5.1	52	5.36	0.25	0.24	3.744	61.4	0.153	60	530	20.23	300	3.5		12	35					99.2	80.25		2017-07-01/Data import
Monacor	SP-30PATC				5.2	47	3.7	0.3	0.28	3.116	39	0.294	107	510	14.14	200	2		10	30					99.6	38.45		2017-07-01/Data import
Monacor	SP-382PA	W	Active	15	7	32.5	3.03	0.99	0.75	8.08	73	0.26	270	825	10.87	300	3.5				5.32	0.104	0.109	392	92.3	16.88		2018-10-19/Kimmo Saunisto
Monacor	SP-38-300PA				5.9	48	5.7	0.24	0.23	2.796	52.8	0.208	213	855	19.79	300	4		18	50					103.2	66.38		2017-07-01/Data import
Monacor	SP-38A-300NEO				5.2	44	4	0.34	0.31	5.632	81.5	0.161	164	854	18.56	300	3.5		12	35					100	66.24		2017-07-01/Data import
Monacor	SP-38A-300PA				5.4	48	7.45	0.31	0.3	4.779	118	0.093	101	880	24.9	300	4.8		15	50					99.3	114.82		2017-07-01/Data import
Monacor	SP-38A-300PRO				6	50	3.37	0.44	0.39	7.588	81.4	0.124	135	880	18.67	300	2.5		11	35					99.1	58.09		2017-07-01/Data import
Monacor	SP-38A-500BS				6	37	4.37	0.38	0.35	5.998	112.8	0.164	168	855	20.34	500	6		15	60					96.8	68.95		2017-07-01/Data import
Monacor	SP-46-500PA				5.7	30	8.1	0.28	0.27	3.835	164.8	0.171	333	1180	25.15	500	5		18	50					98.5	110.97		2017-07-01/Data import
Monacor	SP-46A-500BS				6	36	4.7	0.54	0.48	7.127	148.1	0.132	250	1163	19.29	500	6		15	60					96.6	62.02		2017-07-01/Data import
Monacor	SP-46A-500PA				6.4	32	6.65	0.26	0.25	5.117	169.2	0.146	285	1180	28.94	500	6		18	70					98.5	130.86		2017-07-01/Data import
Monacor	SP-6-100PA				6.7	90	4.24	0.49	0.44	1.411	10.6	0.296	8	139	9.04	100	0.75		9	20					93.5	12.2		2017-07-01/Data import
Monacor	SP-6-100PRO				3.3	44	5.5	0.29	0.28	0.617	12.3	1.065	28	137	6.22	100	3		6	20					95	11.72		2017-07-01/Data import
Monacor	SP-6-150PA				6.5	73	5.31	0.46	0.42	1.307	15.1	0.314	8.5	139	9.9	150	1		9	25					91.5	15.08		2017-07-01/Data import
Monacor	SP-8-150PA				6.9	88	4.1	0.48	0.43	2.469	18.3	0.179	12	219	12.06	150	1.25		10	25					95	21.08		2017-07-01/Data import
Monacor	SP-8-150PRO				7.2	56	1.52	0.41	0.32	5.4	23.3	0.346	22	213	12.01	150	6		14	45					92.2	20.03		2017-07-01/Data import
Monacor	SPA-25PA				5.7	60	2.23	0.52	0.42	4.836	28.6	0.246	41	345	10.87	125	1.5		9	20					95.8	20.73		2017-07-01/Data import
Monacor	SPA-30PA				6	49	2.7	0.54	0.45	6.037	52.9	0.199	67	490	13.46	175	3		12	28					94.9	30.2		2017-07-01/Data import
Monacor	SPA-38PA				6	37	2.54	0.55	0.45	7.538	82.4	0.225	230	855	14.45	250	3		12	32					96.5	34.8		2017-07-01/Data import
Monacor	SPA-45PA				5.8	29	3.77	0.52	0.46	6.953	143.9	0.209	440	1225	17.1	300	2		12	32					96.5	50.42		2017-07-01/Data import
Monacor	SPH-100AL				6.2	80	3.05	0.67	0.55	0.864	5.2	0.755	3.2	55	4.94	40	1.5		8	19					87	3.94		2017-07-01/Data import
Monacor	SPH-176				6.1	53	1.5	0.52	0.39	2.707	12.2	0.74	19.44	137	6.9	100	3		10	29					90.6	7.8		2017-07-01/Data import
Monacor	SPH-225C				5.9	39	4.94	0.31	0.29	1.947	39.3	0.424	24	201	13.53	100	6		12	45					89.9	31.03		2017-07-01/Data import
Monacor	SPH-250CTC				3.4	20	5.12	0.26	0.25	1.164	47.4	1.335	220	343	8.83	200	4.5		7	22					94	22.93		2017-07-01/Data import
Monacor	SPH-300CTC				3	18	6.5	0.2	0.19	2.075	119.2	0.656	225	495	14.22	300	5.4		7	22					94.4	67.4		2017-07-01/Data import
Monacor	SPH-300TC				3.2	23	3.3	0.26	0.24	2.532	57.8	0.828	290	500	10.14	200	4		10	30					97.3	32.13		2017-07-01/Data import
Monacor	SPH-380TC				3.6	21.5	2.81	0.31	0.28	9.579	199.3	0.275	275	845	17.68	400	11		12	42					94.9	86.83		2017-07-01/Data import
Monacor	SPH-6TB				6.44	50	6	0.29	0.28	1.314	25.1	0.404	10	133	13.23	100	4.5		11	43					89.3	27.18		2017-07-01/Data import
Morel	CAW428				5.5	74	2.33	0.46	0.38	0.933	4.7	0.989	4.5	57	5.1	150	4		8	19					89.6	4.73		2017-07-01/Data import
Morel	CAW538				5.2	49	1.83	0.48	0.38	2.455	14.6	0.723	8.2	90	6.98	150	3		8	19					86.9	9.37		2017-07-01/Data import
Morel	CAW638				6.4	43	2.2	0.58	0.46	2.125	17.3	0.792	15.7	119	7.18	150	4.25		10	27					86.3	8.06		2017-07-01/Data import
Morel	CAW938				6.3	29	2.3	0.67	0.52	2.29	28.9	1.042	70	219	7.04	150	4.75		10	27					87.1	7.87		2017-07-01/Data import
Morel	EW 428				6.3	62	2.36	0.41	0.35	1.053	6.4	1.033	4.7	57	6.18	150	4.5		9	25					87.4	6.06		2017-07-01/Data import
Morel	EW 536				4.5	45	1.16	0.28	0.23	3.21	13.2	0.95	10.3	88	7.74	150	5.5		7	20					89.8	13.31		2017-07-01/Data import
Morel	EW 638				5	39	1.71	0.39	0.32	2.331	16.3	1.024	20.3	119	7.15	150	6		9	25					88.9	10.22		2017-07-01/Data import
Morel	HU621				5.6	43	2.34	0.45	0.38	1.162	10.1	1.361	27	119	5.82	150	3.5		8	19					90.3	6.05		2017-07-01/Data import
Morel	HU9.1				6.6	30	1.71	0.46	0.36	2.935	26.6	1.057	71	219	8.49	200	4.25		10	25					89	10.92		2017-07-01/Data import
Morel	MW 1075				6.3	29	2.48	0.83	0.62	2.645	36	0.837	123	324	7.06	180	4.25		10	30					88.6	7.91		2017-07-01/Data import
Morel	MW 1076			10	6.4	22	2.3	0.63	0.5	2.16	36	1.5	213.65	324	7.1	180	4.25				0.62				88.5	7.88		
Morel	MW 1077			10	6.6	28.5	2.27	0.53	0.43	2.33	29.6	1.1	155	324	8.1	200	4.25				0.12				91.1	9.94		
Morel	MW 113			4.5	6.2	73.6	3.13	1	0.76	0.82	5.54	0.84	4.4	61	3.98	150	3		8	20	0.25				85.5	2.55		
Morel	MW 114-S	M		4	5.6	67	2.32	0.36	0.31	1.27	7	0.81	3.17	53	6.75	150	3		8	20	0.47				87.8	8.14		
Morel	MW 1275			12	6.4	24.3	3.73	1.07	0.83	2.25	55	0.78	276.29	503	7.1	250	4.25				0.62				88.7	7.88		
Morel	MW 142			5.25	5.2	54	2.14	0.64	0.49	2.06	13	0.67	7.58	90	6	150	3.5				0.5				86.6	6.92		
Morel	MW 143			5.25	5.3	46.7	1.48	0.28	0.24	1.86	9.4	1.2	14	90	7.2	150	3.5				0.11				90.9	9.78		
Morel	MW 144				5.2	45	1.71	0.46	0.36	1.892	11.4	1.093	12.4	90	6.05	150	3.5		6	15					87.8	7.04		2017-07-01/Data import
Morel	MW 164	W		6.5	6.4	51	2.53	0.78	0.59	2.15	17	0.57	11.36	119	6.7	150	4.25				0.62				85.8	7.01		
Morel	MW 166	W		6.5	6.4	51.6	2.66	0.84	0.64	1.95	16	0.6	11.8	119	6.3	150	4.25				0.62				85.8	6.2		
Morel	MW 168	W		6.5	5.2	47.3	2.09	0.5	0.4	1.99	14	0.81	16	119	6.58	150	1.75		7	15	0.51				89.2	8.33		
Morel	MW 266	W		8	6.4	31.2	2.58	0.77	0.59	1.9	25	1	70	219	6.4	150	4.25		9	20	0.62				87.4	6.4		
Morel	MW 267	W		8	6.6	25	2.08	0.39	0.33	1.82	24	1.7	113	219	8	180	4.25				0.16				89.4	9.7		
Morel	SCW 636				4.5	40	1.8	0.35	0.29	2.37	17	0.933	18.5	119	7.41	150	5		7	12					89.8	12.2		2017-07-01/Data import
MPA	WM8			8	6.6	45	6.2	0.33	0.31	0.938	20.6	0.608	39	214	10.79	120	5		10.5	16.5					93.2	17.64		2017-07-01/Data import
NHT	1259			12	3.4	19.9	2.58	0.56	0.46	5.88	121	0.53	190	507	9.59	300	6.5								90	27.05		
Omnes Audio	BB3.01				3.55	98	2.52	0.56	0.46	0.556	2.3	1.159	1.56	31	2.98	15	2		4	6					89.7	2.5		2017-07-01/Data import
Omnes Audio	SW6.01_KT				3.38	51	4.24	0.6	0.53	2.982	39.5	0.247	6.3	135	8.44	50	4		9	48					87.2	21.08		2017-07-01/Data import
P.Audio	WN-10R				6.6	61	3.1	0.51	0.44	3.136	25.4	0.268	45	346	11.22	150	2.7		10	34					95.9	19.07		2017-07-01/Data import
p2cone	FDS60AQ				8	50	0.71	0.71	0.36	4.186	9.5	1.071	60	200	5.79	100	2		8	8					92.2	4.19		2017-07-01/Data import
Peerless	114 WR 26 60 SADN CAN 8 6ohm	W		4.5	5.7	109.6	4.32	1.1	0.88	0.95	5.9	0.36	1.7	58	4.6	90	0.5				0.8				86.6	3.71		
Peerless	130 WR 26 102 PPB 4 ohm	W		5.25	3.3	50.2	1.69	0.31	0.26	1.62	8.7	1.2	11.7	85	5.4	100	1				0.5				92.6	8.84		
Peerless	130 WR/832592	W		5.25	6.1	52.7	2.14	0.56	0.44	1.3	8.4	1.1	11	85	5.5	100	2				1.1				87.8	4.96		
Peerless	140 WR 26 72 SADN CAN 8 6ohm	W		5.25	5.7	54.4	2.29	0.4	0.34	1.27	8.5	1	11.6	91	6.4	100	2				1.1				90.2	7.19		
Peerless	145 WR 26 72 PPB TV 8ohm	W		5.25	6.1	66.4	1.97	0.54	0.42	1.81	8.5	0.66	6.7	85	6.3	110	2				1.1				88.8	6.51		
Peerless	145 WR 26 90 SD AL 4ohm	W		5.25	3.7	50	1.91	0.35	0.3	1.65	10	0.99	11.5	91	5.8	110	2.5				0.6				91.5	9.09		
Peerless	146 MR 26 90 PPB AL 8 ohm	W		5.25	5.9	56.6	1.88	0.43	0.35	1.74	9.2	0.86	8.7	85	6.7	125	3.5				0.9				89	7.61		
Peerless	165 WF 33 102 PPB 4 ohm	W		6.5	3.2	43.6	2.03	0.34	0.29	2.12	15.7	0.85	20.1	130	6.4	150	3				0.7				92.9	12.8		
Peerless	165 WF 33 102 PPB 8 ohm	W		6.5	6.1	45.5	1.68	0.43	0.34	2.38	14	0.87	20.7	130	7.5	150	4				1.2				89.7	9.22		
Peerless	165 WF 33 102 SP 8 ohm	W		6.5	5.9	52.3	2.08	0.45	0.37	2.32	14.7	0.63	17.3	140	8	150	4				1.2				90.7	10.85		
Peerless	165 WR 33 102 PPB 8 ohm	W		6.5	6.3	34.8	1.59	0.36	0.29	2.12	15.4	1.4	32.2	130	7.7	150	4				1.2				88.8	9.41		
Peerless	176 WR 26 72 PPB TV 8ohm	W		6.5	6	41.3	2.04	0.48	0.39	1.62	12.7	1.2	27.6	130	6.4	110	3.5				1.3				89.3	6.83		
Peerless	176 WR 33 102 SADN AL LS 8ohm	W		6.5	6.2	43.4	2.32	0.46	0.38	2.24	19	0.7	20	143	8.4	150	5.5				1.3				88.6	11.38		
Peerless	180 WR/832732	W		6.5	6.1	34	1.68	0.37	0.3	2.01	15.8	1.4	32.9	130	7.5	150	5.5				0.9				88.6	9.22		
Peerless	205 WR 33 102 SD 4L AL 8 ohm				5.7	30	3.02	0.3	0.27	1.777	28.5	0.988	67	220	10.1	180	5.5		13	30					91.3	17.9		2017-07-02/Data import
Peerless	210 WF 33 102 PPB 4 ohm	W		8	3.1	33.9	1.93	0.37	0.31	2.38	21.5	1	72.5	225	6.2	150	3				0.7				94.9	12.4		
Peerless	210 WF/832556	W		8	6.1	30.7	2.38	0.46	0.38	1.87	23.1	1.2	82.4	225	7.7	150	4				1.6				90.3	9.72		
Peerless	210 WR 39 115 PPB 8 ohm	W		8	5.4	31.1	2.18	0.35	0.31	2.66	29.7	0.88	62.4	225	9.4	180	6.5				2.1				91	16.36		
Peerless	217 WR 33 102 SD 4L AL 8ohm	W		8	5.9	27.4	3.66	0.31	0.28	1.54	32.73	1	79.7	235	10.4	150	3.5				2.6				90.6	18.33		
Peerless	220 WR 39 115 HP AL LS 8ohm	W		8	6.5	28.6	1.96	0.35	0.3	2.79	30.4	1	78.8	235	10	150	8.5				1.9				90.1	15.38		
Peerless	220 WR/831709	W		8	5	24.2	2.71	0.56	0.47	1.98	35.4	1.2	86.9	225	6.9	150	5.5				1.2				87.5	9.52		
Peerless	250 WF 33 102 PPB 4 ohm	W		10	3.2	25.7	2.21	0.4	0.34	2.26	30.9	1.2	167.2	310	6.3	150	3				0.7				94.5	12.4		
Peerless	250 WF 33 102 PPB 8 ohm	W		10	6.1	26.3	2.34	0.52	0.43	2.17	30.7	1.2	160.6	310	7.7	150	4				1.5				90.7	9.72		
Peerless	250 WF/831743	W		10	5.6	25.7	3.44	0.27	0.25	2.21	47.1	0.81	109.6	310	12.5	200	5				4				91.9	27.9		
Peerless	260 SWR/831727	S		10	5.4	21.4	2.71	0.4	0.35	2.71	54.8	1	136.2	310	10	220	9				3.3				88.9	18.52		
Peerless	265 SWR 55 147 HPX AL+ALP 4L XLS 8	S		10	3.6	18.2	1.93	0.11	0.1	5.97	100.3	0.75	130.8	353	19.3		12.5				4.9				94	103.47		
Peerless	269 SWR	S		10	3.4	18.9	2.63	0.18	0.17	6.12	135.4	0.52	89.7	352	17.5						4.3				91	90.07		
Peerless	303 PWF/831645	W		12	5.8	45.6	3.19	0.65	0.54	5.31	59.2	0.21	77.9	520	12.3	250	5				1.3				94	26.08		
Peerless	303 SWF/831573	S		12	5.7	20.7	3.21	0.31	0.28	2.8	69.1	0.86	324.7	520	12.8	220	5				5.1				93.2	28.74		
Peerless	315 SWR 39 134 PPX AL 4L 8 ohm	S		12	5.5	22.8	3.88	0.52	0.45	3.25	88.2	0.55	210	520	11.6	220	9				2.8				90.4	24.47		
Peerless	315 SWR 39 134 THSX 4L AL SLS 8 Ohm	S		12	5.7	25.7	5.52	0.47	0.43	2.2	75.2	0.51	208.2	540	11.95	220	8				2.4		0.3		92.2	25.05		
Peerless	830237 100 WR 26 72 CD 4ohm	W		4.5	3.2	81.2	3.53	0.6	0.51	0.92	6.4	0.59	2.8	58	4.1	110	0.5				0.5				90	5.25		
Peerless	830238 130 WR 26 81 CD 4ohm	W		5.25	3.3	61.3	3.45	0.56	0.48	1.15	10.3	0.65	7.5	91	4.8	110	2				0.6				90.7	6.98		
Peerless	830842	S		10	2.6	19.2	8.74	0.19	0.19	1.84	133.8	0.52	88.4	352	14.9	175	12.5				4.2				92.1	85.39		
Peerless	831510	W		8	6	35.9	3.03	1.12	0.82	1.56	20.91	0.94	66.6	225	5.03	100	1.75				1.4				87.6	4.22		
Peerless	831758	W		8	3.5	22	2.19	0.43	0.36	2.15	34	1.5	109.1	225	6.18	150	2				0.9				89.9	10.91		
Peerless	831759	W		10	2.6	22.3	2.84	0.3	0.27	2.77	56.2	0.91	121.9	310	8.26	220	3.75				1.8				93.4	26.24		
Peerless	831858	W		8	2.6	22.1	3.08	0.25	0.23	2.17	48.1	1.1	79.8	230	8.34	230	3.5				1.3				92.3	26.75		
Peerless	850108	W		5.25	6.1	48.5	1.78	0.42	0.34	1.71	10	1.1	12.5	91	6.65	110	2.25				0.9				88.5	7.25		
Peerless	850122	W		6.5	6.1	38.4	2.22	0.53	0.43	1.93	17.8	0.97	27.7	143	7.03	150	2.75		9	25	1.3				87.9	8.1		
Peerless	850146	S		10	5.5	22.6	2.56	0.4	0.35	2.87	51.9	0.96	144.4	330	10	200	9				2.9				89.8	18.18		
Peerless	BC18WK05-08	W	Active	6.5	5.55	59.35	2.5	0.57	0.46	1.7	11.6	0.6205	16.82	138.9	6.51	60	3.4	0			0.28				91.5	7.64		
Peerless	Coral PRF400	S		15	3.2	29	7.72	0.51	0.48	7.25	307.3	0.1	106.9	892	18.7	600	11.4				5.7				93.1	109.28		
Peerless	HDS 134 Nomex 830873	W		5.25	6	58.6	2.39	0.46	0.38	1.4	9.1	0.81	8.7	88	6.6	100	3.5				0.8				89.1	7.26		
Peerless	HDS 164 850439	W		6.5	6.2	44.9	2.28	0.42	0.35	2.34	18.9	0.66	18.7	143	8.9	150	5.5		10	20	1.3				89.2	12.78		
Peerless	HDS 5.25" Exclusive 831882	W		5.25	5.9	64.5	3.85	0.43	0.39	0.93	8.8	0.69	7.2	87	7		3.5				0.4				89.8	8.31		
Peerless	HDS-P830860	W	Active	5.25	5.9	61.6	2.21	0.59	0.47	1.58	9	0.7405	8.41	89.9	5.9	50	3.5		6.5	16	0.27				88.5	5.9	1	2016-03-03/Datasheet Import
Peerless	HDS-P830869	W	Active	8	5.88	29.57	4.4	0.33	0.31	1.01	24	1.2079	87.41	227	8.92	60	5.5		11	32	0.63				91.7	13.53	1	2016-03-03/Datasheet Import
Peerless	HDS-P830870	W	Active	4.5	5.17	91.08	1.92	0.74	0.53	1.8	6.1	0.5048	2.28	56.8	4.94	25	3		7	16	0.16				87.6	4.72	2	2016-03-03/Datasheet Import
Peerless	HDS-P830874	W	Active	6.5	6.5	58	2.29	0.53	0.43	2.76	17.3	0.4343	12.5	143.1	8.82	75	5.3		9.5	32	0.42				89.5	11.97	1	2016-03-03/Datasheet Import
Peerless	HDS-P830875	W	Active	6.5	6.37	45.82	3.19	0.41	0.36	1.44	15.9	0.7568	21.78	143.1	8.47	75	5.3		9.5	32	0.41				90.1	11.26	1.0	2016-03-03/Datasheet Import
Peerless	HDS-P830883	W	Active	6.5	5.85	42.85	2.18	0.46	0.38	2.14	17.3	0.7956	22.9	143.1	7.7	70	5.6		8	12.5	0.18				89.3	10.14	1	2016-03-03/Datasheet Import
Peerless	HDS-P830911	W	Active	5.25	6.11	61.8	2.51	0.51	0.42	1.6	10.3	0.642	7.35	89.9	6.94	50	3.5				0.08				88.5	7.88	2.0	2016-03-03/Datasheet Import
Peerless	HDS-P830933	W	Active	5.25	6.24	60.7	5.75	0.43	0.4	0.6	9	0.766	8.44	88.3	7.08	40	3.5				0.3				89.5	8.03	3.0	2016-03-03/Datasheet Import
Peerless	HDS-P830990	W	Active	6.5	6.23	46.24	3.12	0.44	0.39	1.58	17	0.6982	20.09	143.1	8.32	50	5.3				0.42				89.6	11.11	2	2016-03-03/Datasheet Import
Peerless	HDS-P830991	W	Active	5.25	5.99	65.94	2.96	0.58	0.49	1.36	9.7	0.5995	6.81	89.9	6.42	30	4.6				0.33				88.5	6.88	1.0	2016-03-03/Datasheet Import
Peerless	HDS-P830992	W	Active	4.5	5.25	88.61	2.95	0.72	0.58	1.12	5.9	0.5459	2.41	56.1	4.91	30	3				0.24				87.5	4.59	2	2016-03-03/Datasheet Import
Peerless	HDS-P831001	W	Active	4.5	3.3	81.9	1.94	0.41	0.34	1.68	6.3	0.5972	2.34	52.8	5.13	20	1.8				0.04				90.8	7.97	1	2016-03-03/Datasheet Import
Peerless	HDS-P831735	W	Active	6.5	4.92	44.48	3.31	0.51	0.44	1.48	17.5	0.7325	21.08	143.1	6.85	50	5.5				0.37				89.7	9.54	1.0	2016-03-03/Datasheet Import
Peerless	HDS-P832794	W	Active	5.25	5.49	69.18	1.79	0.49	0.38	2.02	8.3	0.6354	7.22	89.9	6.4	50	2.2				0.33				90.5	7.46	1.0	2016-03-03/Datasheet Import
Peerless	HDS-P832873	W	Active	5.25	5.88	69.08	1.8	0.55	0.42	2.28	9.4	0.5619	5.48	83.3	6.65	60	3.5				0.24				88.5	7.52	1	2016-03-03/Datasheet Import
Peerless	HDS-P835022	W	Active	5.25	3.18	75.53	1.74	0.44	0.35	2.48	9.1	0.4885	5.55	89.9	5.56	30	1.9				0.06				93.4	9.72	1.0	2016-03-03/Datasheet Import
Peerless	HDS-P835023	W	Active	4.5	5.32	82.18	2.81	0.8	0.62	1.34	7.3	0.5143	2.33	56.8	5.01	30	3.1				0.26				85.9	4.72	2	2016-03-03/Datasheet Import
Peerless	HDS-P835024	W	Active	5.25	5.91	72.29	3.18	0.82	0.65	1.51	10.6	0.4575	5.39	91.6	5.88	30	3.5				0.24				87.3	5.85	2	2016-03-03/Datasheet Import
Peerless	HDS-P835025	W	Active	6.5	6.34	38.24	3.32	0.42	0.37	1.46	20.1	0.8605	24.76	143.1	8.58	55	5.4				0.39				88.2	11.61	2	2016-03-03/Datasheet Import
Peerless	HDS-P835026	W	Active	8	5.43	31.12	4.96	0.52	0.47	1.5	38	0.6888	52.23	232.4	8.8	75	6				0.36				88.5	14.26	2	2016-03-03/Datasheet Import
Peerless	OC16SC04-04	T	Active	0.63	3.93	2152.63	2.94	4.19	1.73	0.935	0.2	0.0269	0.00037	3.1	1.61	100	0.01	0			0.02				84.5	0.66		
Peerless	Resolution 10" 822007	S		10	3.5	35.1	8.47	0.43	0.41	3.42	131.3	0.16	26.8	352	15.3	200					4.5				89.9	66.88		
Peerless	SDS 5.25" 830879	W		5.25	5.5	57.5	4.16	0.46	0.42	0.67	7.7	1	10.4	87	5.7		3				1				90	5.91		
Peerless	SDS-P830656	W	Active	5.25	6.06	57.23	3.6	0.7	0.59	0.93	9.3	0.8332	8.77	86.6	5.36	60	3.5		10	32	0.37				86.9	4.74	1	2016-03-03/Datasheet Import
Peerless	SDS-P830657	W	Active	6.5	6.05	44.75	2.74	0.55	0.46	1.18	11.5	1.1014	30.77	141	5.98	60	3.5		10	32	0.38				90.2	5.91	1.0	2016-03-03/Datasheet Import
Peerless	SDS-P830855	W	Active	4.5	5.6	63.26	4.66	0.49	0.44	0.58	6.9	0.923	3.28	50.3	5.58	30	3				0.24				85.8	5.56	2	2016-03-03/Datasheet Import
Peerless	SLS-P830667	S	Active	8	5.53	42.19	5.73	0.75	0.66	1.61	34.8	0.4091	26.27	213.8	8.26	90	8.4		11	38	0.78				87.8	12.34	1.0	2016-03-03/Datasheet Import
Peerless	SLS-P830668	S	Active	10	5.61	32.4	7.15	0.59	0.55	1.6	56.3	0.429	72.9	346.4	10.42	70	8.3		14	52	1.37				89.8	19.35	2	2016-03-03/Datasheet Import
Peerless	SLS-P830669	S	Active	12	5.6	31.48	7.07	0.58	0.54	2.07	74.1	0.345	132.42	522.8	11.88	100	8.3		14.5	54	1.12				92.1	25.2	1.0	2016-03-03/Datasheet Import
Peerless	SLS-P830945	S	Active	5.25	2.71	51.49	3.95	0.4	0.36	1.3	15.9	0.6019	5.87	83.3	5.9	50	5		5	15	0.2				89.7	12.85	1.0	2016-03-03/Datasheet Import
Peerless	SLS-P830946	S	Active	6.5	2.73	42.18	4.92	0.38	0.35	1.64	30.5	0.4667	11.2	123.5	7.6	75	8.2		7.5	36	0.65				90.1	21.16	1.0	2016-03-03/Datasheet Import
Peerless	XLS-P830452	S	Active	10	3.5	22.6	3.67	0.24	0.22	5.54	143.1	0.3466	59.52	349.7	17.34	150	12.5				0.97				90.2	85.91	1.0	2016-03-03/Datasheet Import
Peerless	XLS-P830500	S	Active	12	3.57	20.3	4.44	0.26	0.24	5.57	193.9	0.3169	103.86	483.1	18.53	300	12.5				0.7				90.7	96.18	1.0	2016-03-03/Datasheet Import
Peerless	XLS-P835028	S	Active	10	3.11	34.11	6.8	0.55	0.51	3.36	106.5	0.2044	28.34	314.2	11.33	160	9				0.91				89.2	41.28	2	2016-03-03/Datasheet Import
Peerless	XXLS-10" 830843	S		10	5.8	25	9.03	0.47	0.45	1.39	79.9	0.51	86.7	352	12.5	350	12.5				2.8				88	26.94		
Peerless	XXLS-12" 830846	S		10	2.6	24.3	9.24	0.34	0.33	1.48	89.7	0.48	81.8	352	10.1	350	12.5				1.6				92.3	39.23		
Peerless	XXLS-12" 830847	S		12	2.5	21.8	10.24	0.37	0.36	1.48	110.9	0.48	144.2	466	10.2	350	12.5				1.8				93.1	41.62		
Peerless	XXLS-P830845	S	Active	12	5.66	27.04	8.55	0.55	0.52	1.95	98.1	0.353	119.47	490.9	13.06	175	12.5				0.79				89.8	30.13	1.0	2016-03-03/Datasheet Import
Peerless	XXLS-P835016	S	Active	10	2.46	26.07	11.27	0.38	0.37	1.48	102.1	0.365	65.09	356.3	10.36	100	12.3		7.5	22	0.51				91.9	43.63	1.0	2016-03-03/Datasheet Import
Peerless	XXLS-P835017	S	Active	12	2.51	21.55	10.83	0.4	0.39	1.64	131.4	0.4151	136.04	483.1	10.58	120	12.3		7.8	22.6	0.53				92.4	44.6	1.0	2016-03-03/Datasheet Import
Peerless	XXLS-P835037	S	Active	10	2.71	28.27	9.83	0.45	0.43	1.69	93.8	0.3379	56.93	346.4	10.07	120	12.3				0.5				91.3	37.42	1.0	2016-03-03/Datasheet Import
PHL	5510MNdS-TLHP	W	Active	15	6.4	30	6.76	0.34	0.32	3.018	107	0.26	293	892	19.7	400	9	0			1.33				96.6	60.64		2025-10-02/Kimmo Saunisto
PHL	6031M	W	Active	15	5.6	41	4.16	0.25	0.24	8.483	147	0.11	118.3	892	29	1000	8.5	0			0.919				98.7	150.18		2024-04-20/Kimmo Saunisto
PHL	B17-1180				6.1	55	3.5	0.3	0.28	1.076	10.9	0.768	22	143	8.75	100	3.5		7.8	16					94	12.55		2017-07-01/Data import
PHL	B17-1220 HH				6.1	64	3.8	0.39	0.35	1.012	9.6	0.647	18	141	7.76	100	3.5		7.8	16					94	9.87		2017-07-01/Data import
PHL	B17-1220 KT				6.1	69	5.26	0.48	0.44	1.083	13.1	0.405	12.76	150	8.51	100	3.5		7.8	16					92.6	11.87		2017-07-01/Data import
PHL	B17-1240				12.1	42	2.6	0.25	0.23	1.128	11.1	1.292	32	133	11.92	100	3.5		14	50					90	11.74		2017-07-01/Data import
PHL	B17-1280				6	47	3	0.24	0.22	0.777	7.9	1.453	36	133	7.63	100	3.5		7	35					95.2	9.7		2017-07-01/Data import
PHL	B17-1280 KT				5.9	51	4.21	0.3	0.28	1.158	15.2	0.64	18.85	145	9.79	100	3.5		7.2	14.5					92.5	16.24		2017-07-01/Data import
PHL	B17-1320		Discontinued		3.3	40	3.2	0.15	0.14	0.937	11.9	1.327	38	143	8.12	100	3.5		3.5	30					97.9	19.98		2017-07-01/Data import
PHL	B17-1320 4l				3.3	40	3.2	0.15	0.14	0.937	11.9	1.327	38	143	8.12	100	3.5		3.5	30					97.9	19.98		2017-07-01/Data import
PHL	B17-1320 KT		Discontinued		3.2	39.1	5.28	0.16	0.16	0.621	13.3	1.241	35.55	143	8.1	100	3.5		4.4	11.7					97.2	20.5		2017-07-01/Data import
PHL	B17-1320 KT BR4l				3.2	39.1	5.28	0.16	0.16	0.621	13.3	1.241	35.55	143	8.1	100	3.5		4.4	11.7					97.2	20.5		2017-07-01/Data import
PHL	B17-1330				6.1	73	3.6	0.22	0.21	0.788	6.2	0.768	22	143	8.87	100	3.5		7	59					99.1	12.9		2017-07-01/Data import
PHL	B17-1360				6.1	40	3.2	0.24	0.22	0.937	11.9	1.327	38	143	8.73	100	3.5		7	15.4					93.2	12.49		2017-07-01/Data import
PHL	B17-1360 KT				5.8	41.3	6.19	0.25	0.24	0.579	13.8	1.076	30.8	143	9.12	100	3.5		7	15.4					92.8	14.34		2017-07-01/Data import
PHL	B20-2002				5.4	65	5	0.45	0.41	1.495	18.3	0.328	22	219	9.47	120	5		7	59					95	16.61		2017-07-01/Data import
PHL	B20-2002 KT 30l				5.49	66	3.6	0.55	0.48	2.72	23.6	0.246	17	222	9.89	120	5		7.6	19					93.1	17.82		2017-07-01/Data import
PHL	B20-2100				3.3	65	5	0.39	0.36	1.495	18.3	0.328	22	219	7.95	120	4		4	25					97.7	19.15		2017-07-01/Data import
PHL	B20-2400				5.4	72	4.5	0.24	0.23	2.538	25.2	0.194	13	219	16.03	250	4		7	59					96.8	47.59		2017-07-01/Data import
PHL	B20-2420				5.4	72	4.5	0.37	0.34	2.538	25.2	0.194	13	219	12.91	200	4		6.9	54					94.9	30.86		2017-07-01/Data import
PHL	B25-3000				5.4	60	4.5	0.29	0.27	2.989	35.7	0.197	35	356	15.83	200	4		7	59					97.9	46.41		2017-07-01/Data import
PHL	B25-3002				5.4	45	5.9	0.36	0.34	3.04	63.4	0.197	35	356	16.4	200	4		7	59					93.2	49.81		2017-07-01/Data import
PHL	B25-3002 KT				5.43	48.6	8.32	0.46	0.44	2.463	67.1	0.16	29	360	15.55	200	4		10	31					92.3	44.53		2017-07-01/Data import
PHL	B25-3420				4.2	50	4.7	0.25	0.24	3.082	46.1	0.22	39	356	15.6	300	5.5		7	59					97.7	57.94		2017-07-01/Data import
PHL	B25-3420KT				4.08	51.6	5.34	0.29	0.28	3.15	51.9	0.183	32	353	15.38	300	6		7	30					96.7	57.98		2017-07-01/Data import
PHL	B25-3430				5.6	57	4.2	0.27	0.25	2.878	33.7	0.231	41	356	15.83	250	4.5		8	40					98	44.75		2017-07-01/Data import
PHL	B25-3540				2.1	50	5.2	0.26	0.25	3.104	51.4	0.197	35	356	11.42	300	5.5		5	35					100.1	62.1		2017-07-01/Data import
PHL	B25-3820				5	54	4.8	0.19	0.18	3.892	55.1	0.158	28	356	22.17	400	45		7	59					97.7	98.3		2017-07-01/Data import
PHL	B30-4020				5.6	29	8.3	0.3	0.29	2.935	133.7	0.225	92	540	21.32	450	7		7	40					92.3	81.17		2017-07-01/Data import
PHL	B30-4021 KT 50l				5.5	35	6.3	0.37	0.35	5.32	152.4	0.136	55.2	539	22.32	450	7		8	33					91.7	90.58		2017-07-01/Data import
PHL	B30-4030 45l				5.5	40	3.7	0.23	0.22	4.773	70.3	0.225	92	540	20.55	450	7		8.1	71					97.7	76.78		2017-07-01/Data import
PHL	B30-4040				5.5	45	3.8	0.22	0.21	4.471	60.1	0.208	85	540	20.61	400	5.5		8.1	71					99.1	77.23		2017-07-01/Data import
PHL	B30-4130				5.5	42	3.8	0.22	0.21	4.426	63.7	0.225	92	540	20.51	400	5.5		8.1	71					98.5	76.48		2017-07-01/Data import
PHL	B30-4500				4.2	42	3.2	0.3	0.27	4.461	54.1	0.265	108	539	14.14	300	6		6.15	51					99.1	47.6		2017-07-01/Data import
PHL	B30-4510				5.5	42	3.2	0.34	0.31	4.461	54.1	0.265	108	539	15.2	300	6		7	60					97.3	42.01		2017-07-01/Data import
PHL	B30-4530				5.5	37	4.1	0.34	0.31	3.455	60.9	0.304	124	540	15.14	300	6		8.2	67					96.3	41.68		2017-07-01/Data import
PHL	B30-4530 KT 80l				5.31	44.4	6.45	0.37	0.35	2.639	61	0.211	86	540	15.63	300	6		8.2	27					96.9	46.01		2017-07-01/Data import
PHL	B38-5010				5.6	34	3.3	0.27	0.25	7.903	122.1	0.179	200	892	23.26	500	7		10.16	92					98.2	96.61		2017-07-01/Data import
PHL	B38-5011M-K&T 110l				5.21	36	8.06	0.29	0.28	3.579	127.5	0.153	175	903	22.77	500	7		11.5	42.4					98.4	99.51		2017-07-01/Data import
PHL	B38-5021 KT 130l				5.68	33.74	5.13	0.37	0.35	6.97	168.7	0.132	147	892	23.43	500	8		11	41.6					95.3	96.65		2017-07-01/Data import
PHL	B38-5050				5.6	38	4.3	0.27	0.25	6.03	108.6	0.162	180	892	23.19	500	7		10.1	92					99.2	96.03		2017-07-01/Data import
PHL	B38-5070				5.5	45	9.2	0.31	0.3	3.206	104.3	0.12	133	890	22.88	500	7.5		13.5	132					99.5	95.18		2017-07-01/Data import
PHL	B38-5100				5.6	39	4.2	0.32	0.3	6.015	103.1	0.162	180	892	21.03	400	7		9.86	89					98.8	78.98		2017-07-01/Data import
PHL	B38-5320				5.6	45	3.9	0.31	0.29	7.894	108.9	0.115	128	892	23.58	500	7		10.05	92					99.3	99.29		2017-07-01/Data import
PHL	B38-6030				5.6	38	4.5	0.28	0.26	7.978	150.4	0.117	130	892	26.8	1000	8		9	70					97.6	128.26		2017-07-01/Data import
PHL	B38-6090				5.6	35	5	0.28	0.27	6.989	158.9	0.13	145	892	26.44	1000	8		11.67	111					97	124.83		2017-07-01/Data import
PHL	B46-7010				5.6	35	4	0.31	0.29	10.032	182.5	0.113	260	1280	26.92	1000	8		12	110					99.1	129.41		2017-07-01/Data import
PHL	B46-7030				5.6	34	4.8	0.41	0.38	8.606	193.4	0.113	260	1280	23.75	750	8		11.6	80					97.5	100.73		2017-07-01/Data import
PHL	B46-7080				5.6	33	4	0.38	0.35	8.782	169.4	0.137	315	1280	22.75	750	8		11.6	80					98.3	92.42		2017-07-01/Data import
PHL	B46-7090				5.6	34	4.1	0.35	0.32	10.075	193.4	0.113	260	1280	25.71	1000	8		12	113					98.2	118.04		2017-07-01/Data import
PHL	B46-7530				5.6	33	4.3	0.35	0.32	8.042	166.8	0.139	320	1280	23.52	500	7		11.6	80					98.7	98.78		2017-07-01/Data import
PHL	E17-1060		Discontinued		5.4	130	6.6	0.52	0.48	1.044	8.4	0.178	5.6	150	8.46	130	2		7	59					97.4	13.25		2017-07-01/Data import
PHL	E17-1120		Discontinued		5.4	130	6.4	0.5	0.46	1.076	8.4	0.178	5.6	150	8.63	130	2		7	59					97.6	13.79		2017-07-01/Data import
PHL	E17-1120 KT		Discontinued		5.64	140	5.68	0.67	0.6	1.787	11.5	0.112	4.64	172	9.24	130	2		6.6	15.1					96.3	15.14		2017-07-01/Data import
PHL	E17-1130		Discontinued		11.6	130	6.4	0.48	0.45	1.076	8.4	0.178	5.6	150	12.9	130	2		14	80					94.5	14.35		2017-07-01/Data import
PHL	E20-2440		Discontinued		5.2	81	4.1	0.32	0.3	2.476	19.9	0.194	13	219	12.84	200	4		6.3	47					97.2	31.7		2017-07-01/Data import
PHL	E20-2440 BR				5.2	81	4.1	0.32	0.3	2.476	19.9	0.194	13	219	12.84	200	4		6.3	47					97.2	31.7		2017-07-01/Data import
PHL	E20-2450		Discontinued		9.5	81	4.1	0.34	0.31	2.476	19.9	0.194	13	219	16.84	200	4		12	60					94.3	29.85		2017-07-01/Data import
PHL	E20-2460 10l		Discontinued		5.2	81	4.1	0.49	0.44	2.476	19.9	0.194	13	219	10.38	160	5		6.3	44					95.4	20.72		2017-07-01/Data import
PHL	E20-2460 HH		Discontinued		5.2	91	5.3	0.59	0.53	2.108	19.5	0.157	11	224	9.92	160	5		7	20					95.3	18.92		2017-07-01/Data import
PHL	E20-2460 HH BR22l				5.2	91	5.3	0.59	0.53	2.108	19.5	0.157	11	224	9.92	160	5		7	20					95.3	18.92		2017-07-01/Data import
PHL	E20-2460 KT		Discontinued		4.98	93.8	5.47	0.64	0.57	2.261	21	0.137	9.47	222	9.81	160	5		7	20					94.9	19.32		2017-07-01/Data import
PHL	E20-2460 KT BR20l				4.98	93.8	5.47	0.64	0.57	2.261	21	0.137	9.47	222	9.81	160	5		7	20					94.9	19.32		2017-07-01/Data import
PHL	E25-3020 KT		Discontinued		5.08	62	4.58	0.47	0.43	3.083	36.2	0.182	33	360	12.35	200	4		7.8	62					96.2	30.02		2017-07-01/Data import
PHL	E25-3020 KT 40l				5.08	62	4.58	0.47	0.43	3.083	36.2	0.182	33	360	12.35	200	4		7.8	62					96.2	30.02		2017-07-01/Data import
PHL	E25-3430				5.6	57	4.2	0.29	0.27	2.878	33.7	0.231	41	356	15.28	250	4.5		7	59					97.7	41.69		2017-07-01/Data import
PHL	E25-3840				5.7	62	4.8	0.22	0.21	3.39	41.8	0.158	28	356	20.53	300	3.5		7	59					98.3	73.94		2017-07-01/Data import
PHL	E30-4050				5.8	49	3.3	0.21	0.2	4.785	51.3	0.206	84	540	20.88	350	4.5		8.1	70					100.1	75.17		2017-07-01/Data import
PHL	E30-4550				5.7	45	3	0.32	0.29	4.542	48.2	0.26	106	540	15.58	250	4		7.8	62					98.3	42.59		2017-07-01/Data import
PHL	E30-4560				9.6	45	3	0.33	0.3	4.542	48.2	0.26	106	540	19.91	250	4		12	80					95.9	41.29		2017-07-01/Data import
PHL	E38-5380				5.8	44	3.7	0.3	0.28	6.052	81	0.162	180	892	20.81	300	4.5		9.9	90					100.5	74.66		2017-07-01/Data import
PHL	M17-1040		Discontinued		5.3	150	4.6	0.44	0.4	1.398	6.8	0.165	5.2	150	8.8	160	1		7	59					99.8	14.61		2017-07-01/Data import
PHL	M17-1050		Discontinued		11.6	150	4.6	0.43	0.39	1.398	6.8	0.165	5.2	150	13.17	160	1		15	70					96.5	14.95		2017-07-01/Data import
PHL	M17-1160		Discontinued		6.1	145	4.8	0.4	0.37	1.386	7.3	0.165	5.2	150	10.07	160	1		8	30					99.2	16.62		2017-07-01/Data import
PHL	M17-1500		Discontinued		5.5	130	4.1	0.39	0.36	2.091	10.5	0.143	4.5	150	11	250	1		7	40					97.7	22		2017-07-01/Data import
PHL	M17-1510		Discontinued		10.6	130	4.1	0.37	0.34	2.091	10.5	0.143	4.5	150	15.67	250	1		16	60					95	23.16		2017-07-01/Data import
PHL	M20-2520 7l		Discontinued		6	90	4	0.31	0.29	2.598	18.4	0.17	13.5	238	14.18	200	2		7	59					98.3	33.51		2017-07-01/Data import
PHL	M20-2520 KT 5l		Discontinued		5.91	149	3.55	0.59	0.51	5.24	19.9	0.057	5.69	266	13.65	200	2		8.7	27.1					98.4	31.53		2017-07-01/Data import
PHL	M20-2530 6l		Discontinued		11.6	110	2.5	0.34	0.3	5.062	18.3	0.114	9.3	241	20.78	200	2		15	129					96	37.22		2017-07-01/Data import
PHL	M20-2540				6	110	2.5	0.55	0.45	5.062	18.3	0.114	9.3	241	11.75	160	2.5		7	59					96.8	23.01		2017-07-01/Data import
PHL	M25-3040				6	86	4.6	0.43	0.39	3.266	27.8	0.123	24	373	14.48	160	2		7	59					98.8	34.95		2017-07-01/Data import
PHL	M25-3450				5.2	80	3.4	0.26	0.24	4.56	30.8	0.128	25	373	17.61	200	2.5		7	59					100.8	59.64		2017-07-01/Data import
PHL	M25-3860FLH				4.6	75	3.9	0.18	0.17	4.241	35.1	0.128	25	373	20.56	250	2		7	59					102.1	91.89		2017-07-01/Data import
PHL	X17-1190TWX				12.1	57	3.3	0.31	0.28	1.103	10.2	0.767	19	133	11.92	100	3.5		13	70					90.8	11.74		2017-07-01/Data import
PHL	X17-1220TWX				6	47	3	0.24	0.22	1.075	10.9	1.05	26	133	8.98	100	3.5		7	59					93.8	13.44		2017-07-01/Data import
PHL	X17-1240TWX KT 16l				11	54	6.32	0.34	0.32	0.639	11.9	0.73	23	150	11.43	100	3.5		14	25					90.9	11.88		2017-07-01/Data import
PHL	X17-1240TWX KT 17l				11	54	6.32	0.34	0.32	0.639	11.9	0.73	23	150	11.43	100	3.5		14	25					90.9	11.88		2017-07-01/Data import
PHL	X17-1430 HH				5.6	160	3.3	0.65	0.54	2.81	9.2	0.107	2.5	129	8.94	100	2.5		7	19.4					95.5	14.27		2017-07-01/Data import
PHL	X17-1440TWX				6.1	55	3.5	0.3	0.28	0.931	9.4	0.888	22	133	8.14	100	3.5		7	59					94	10.86		2017-07-01/Data import
PHL	X17-1460TWX				6.1	44	3.2	0.24	0.22	0.966	11.2	1.171	29	133	8.86	100	3.5		7	59					93.3	12.87		2017-07-01/Data import
PHL	X20-2490				5.4	72	4.5	0.37	0.34	2.697	26.8	0.182	10	198	13.31	160	5		10	25					93.7	32.81		2017-07-01/Data import
PHL	X20-2560				5.2	81	4.1	0.49	0.44	2.631	21.2	0.182	10	198	10.7	160	5		7	20					94.2	22.02		2017-07-01/Data import
PHL	X20-2600				5.2	81	4.1	0.49	0.44	2.631	21.2	0.182	10	198	10.7	160	5		7	20					94.2	22.02		2017-07-01/Data import
PHL	X20-2600 HH				5	82	2.4	0.53	0.43	4.083	19	0.198	12	208	9.62	160	5		7	17					95	18.51		2017-07-01/Data import
PHL	X20-2610				5.4	74	4.5	0.37	0.34	2.385	23.1	0.2	11	198	12.52	200	5		7	30					94.5	29.03		2017-07-01/Data import
PHL	X25-3490				4.2	54	5.9	0.27	0.26	1.883	32.7	0.265	39	324	13.15	300	5.5		5.5	45					98.4	41.17		2017-07-01/Data import
PHL	X25-3491				4.2	52	6	0.28	0.27	2.678	49.2	0.19	28	324	15.53	300	5.5		5.5	45					96.3	57.42		2017-07-01/Data import
PHL	X25-3500				5.6	60	4.9	0.3	0.28	2.567	33.4	0.211	31	324	15.32	250	4.5		7	59					97	41.91		2017-07-01/Data import
PHL	X38-5240				5.6	46	3.7	0.3	0.28	8.061	103.2	0.116	116	845	23.6	500	7		10	92					99.3	99.46		2017-07-01/Data import
PHY-HP	H30LB15SAG			12	13.8	32	6.6	0.62	0.59	0.71	23.2	0.87	224	430	10.19	30					1.2				90.4	7.52		
Precision Devices	PD156R				5.5	45	2.4	0.3	0.27	16.567	140.6	0.089	90	850	27	600	7		12	35					98	132.55		2017-07-01/Data import
Purifi Audio	PTT10.0PR-NA2-01	PR	Active	10		19	7.1			2.681	161	0.44	82	360			25										(1.00) August 2024	2025-09-28/Kimmo Saunisto
Purifi Audio	PTT10.0X04-NAB-02	W	Active	10	3.9	20	5.1	0.31	0.3	2.48	99.4	0.62	113	359.7	12.6	300	14.75	0			0.62				89.8	40.71	(0.90) May 2023	2023-05-18/Kimmo Saunisto
Purifi Audio	PTT4.0M04-NAC-03	M	Active	4	3.4	48	4.2	0.3	0.28	0.72	10.1	1.09	5	56.7	5.9	60	2.9	0			0.26				88.4	10.24	(0.96) April 2022	2023-05-18/Kimmo Saunisto
Purifi Audio	PTT4.0M04-NAC-04	M	Active	4	3.4	48	4.2	0.3	0.28	0.72	10.1	1.09	5	56.7	5.9	60	2.9	0			0.26				88.4	10.24	(0.9) September 2022	2023-05-06/Kimmo Saunisto
Purifi Audio	PTT4.0M04-NFC-01	M	Active	4	3.4	46	4.6	0.27	0.25	0.62	9.9	1.18	5.4	56.7	6	60	2.9	0			0.26				88.6	10.59	(0.96) April 2023	2023-05-18/Kimmo Saunisto
Purifi Audio	PTT4.0M04-NLC-02	M	Active	4	3.4	50	5.2	0.31	0.29	0.61	10.1	1.02	4.6	56.7	5.9	60	2.9	0			0.26				88.4	10.24	(0.90) September 2022	2023-05-06/Kimmo Saunisto
Purifi Audio	PTT4.0M08-NAC-03	M	Active	4	5.6	50	4.7	0.34	0.32	0.64	9.7	1.07	4.9	56.7	7	60	2.9	0			0.36				86.1	8.75	(0.95) April 2023	2023-05-18/Kimmo Saunisto
Purifi Audio	PTT4.0M08-NAC-04	M	Active	4	5.6	50	4.7	0.34	0.32	0.64	9.7	1.07	4.9	56.7	7	60	2.9	0			0.36				86.1	8.75	(0.95) April 2023	2023-05-18/Kimmo Saunisto
Purifi Audio	PTT4.0M08-NFC-01	M	Active	4	5.8	48	5	0.33	0.31	0.57	9.4	1.17	5.3	56.7	7	60	2.9	0			0.37				85.9	8.45	(0.96) April 2023	2023-05-18/Kimmo Saunisto
Purifi Audio	PTT4.0M08-NLC-02	M	Active	4	5.7	48	4.8	0.34	0.32	0.61	9.7	1.1	5	56.7	7.1	60	2.9	0			0.37				85.6	8.84	(0.96) April 2023	2023-05-18/Kimmo Saunisto
Purifi Audio	PTT4.0PR-NA2-02	PR	Active	4		27	6			0.819	30	1.2	5.5	57			14										(0.96) April 2023	2023-05-18/Kimmo Saunisto
Purifi Audio	PTT4.0PR-NF2-01	PR	Active	4		24	7			0.672	30	1.41	6.4	57			14										(1.01) December 2020	2023-05-06/Kimmo Saunisto
Purifi Audio	PTT4.0PR-NL2-01	PR	Active	4		25	6.9			0.71	30	1.3	5.9	57			14										(1.00) February 2022	2023-05-06/Kimmo Saunisto
Purifi Audio	PTT4.0X04-NAC-03	W	Active	4	3.8	40	3.8	0.34	0.31	0.87	13	1.22	5.5	56.7	6.1	60	8.5	0			0.38				85.4	9.79	(0.95) September 202	2023-05-06/Kimmo Saunisto
Purifi Audio	PTT4.0X04-NAC-04	W	Active	4	3.8	40	3.8	0.34	0.31	0.87	13	1.22	5.5	56.7	6.1	60	8.5	0			0.38				85.4	9.79	(0.95) September 2022	2023-05-06/Kimmo Saunisto
Purifi Audio	PTT4.0X04-NFC-01	W	Active	4	3.8	38	4.5	0.32	0.3	0.66	12.8	1.41	6.4	56.7	6	60	8.8	0			0.38				85.6	9.47	(1.12) December 2020	2023-05-06/Kimmo Saunisto
Purifi Audio	PTT4.0X04-NLC-02	W	Active	4	3.9	38	4.6	0.34	0.32	0.7	13.1	1.31	6	56.7	6	60	8.5	0			0.38				85	9.23	(1.00) February 2022	2023-05-06/Kimmo Saunisto
Purifi Audio	PTT4.0X08-NAC-03	W	Active	4	6.5	43	4.1	0.43	0.39	0.79	11.9	1.16	5.3	56.7	7	60	8.8	0			0.56				82.8	7.54	(0.96) April 2023	2023-05-18/Kimmo Saunisto
Purifi Audio	PTT4.0X08-NAC-04	W	Active	4	6.5	43	4.1	0.43	0.39	0.79	11.9	1.16	5.3	56.7	7	60	8.8	0			0.56				82.8	7.54	(0.96) April 2023	2023-05-18/Kimmo Saunisto
Purifi Audio	PTT4.0X08-NFC-01	W	Active	4	6.4	41	4.2	0.41	0.37	0.73	11.7	1.25	5.7	56.7	6.9	60	8.5	0			0.51				82.8	7.44	(1.00) February 2021	2023-05-06/Kimmo Saunisto
Purifi Audio	PTT4.0X08-NLC-02	W	Active	4	6.5	42	4.6	0.42	0.38	0.68	12	1.21	5.5	56.7	7	60	8.5	0			0.52				82.8	7.54	(1.00) July 2022	2023-05-06/Kimmo Saunisto
Purifi Audio	PTT5.25M04-NFA-02	M	Active	5.25	3.8	40	6.9	0.19	0.19	0.47	13.1	1.24	12.6	84.9	8.1	80	2.9	0			0.27				91.5	17.27	(0.9) April 2023	2023-05-18/Kimmo Saunisto
Purifi Audio	PTT5.25PR-NF2-01	PR	Active	5.25		20	9.9			0.628	50	1.28	13	85			14										(0.96) April 2023	2023-05-18/Kimmo Saunisto
Purifi Audio	PTT5.25X04-NFA-01	W	Active	5.25	3.6	29	6.5	0.25	0.24	0.66	23.3	1.27	13	84.9	7.9	80	9.8	0			0.39				86.5	17.34	(1.10) February 2023	2023-05-18/Kimmo Saunisto
Purifi Audio	PTT5.25X04-NFA-02	W	Active	5.25	3.7	29	6.9	0.25	0.24	0.6	22.5	1.32	13.5	84.9	7.8	80	9.8	0			0.39				86.5	16.44	(1.00) September 2022	2023-05-06/Kimmo Saunisto
Purifi Audio	PTT5.25X08-NFA-01	W	Active	5.25	5.9	32	6.6	0.28	0.27	0.59	19.6	1.3	13.2	84.9	9	80	9.8	0			0.55				85.2	13.73	(1.00) September 2022	2023-05-06/Kimmo Saunisto
Purifi Audio	PTT5.25X08-NFA-02	W	Active	5.25	5.9	32	6.6	0.28	0.27	0.59	19.6	1.3	13.2	84.9	9	80	9.8	0			0.55				85.2	13.73	(1.01) January 2022	2023-05-18/Kimmo Saunisto
Purifi Audio	PTT6.5M04-NFA-01	M	Active	6.5	3.9	55	4.2	0.36	0.33	1.47	17.8	0.47	11.7	132.7	8.1	100	2.9	0			0.26				92.4	16.82	(1.02) December 2021	2023-05-06/Kimmo Saunisto
Purifi Audio	PTT6.5M04-NLA-02	M	Active	6.5	3.9	49	3.9	0.34	0.32	1.49	19.2	0.56	14	132.7	8.1	100	2.9	0			0.28				92	16.82	(1.01) February 2023	2023-05-19/Kimmo Saunisto
Purifi Audio	PTT6.5M08-NAA-07	M	Active	6.5	6.2	38	6.7	0.33	0.31	0.73	20.8	0.87	21.6	132.7	9.6	80	2.9	0			0.36				88.7	14.86	(1.00) February 2023	2023-05-18/Kimmo Saunisto
Purifi Audio	PTT6.5M08-NAA-08	M	Active	6.5	6.2	38	6.7	0.33	0.31	0.73	20.8	0.87	21.6	132.7	9.6	80	2.9	0			0.36				88.7	14.86	(1.01) April 2023	2023-05-19/Kimmo Saunisto
Purifi Audio	PTT6.5M08-NFA-01	M	Active	6.5	6.5	57	4.2	0.42	0.38	1.44	17	0.46	11.5	132.7	9.7	80	2.9	0			0.38				90	14.48	(1.02) December 2021	2023-05-06/Kimmo Saunisto
Purifi Audio	PTT6.5M08-NLA-02	M	Active	6.5	6.3	51	4.3	0.41	0.38	1.45	19	0.5	12.6	132.7	9.6	80	2.9	0			0.39				89.1	14.63	(1.00) February 2023	2023-05-18/Kimmo Saunisto
Purifi Audio	PTT6.5PR-NA2-03	PR	Active	6.5		19	13.1			0.78	85	0.82	20.5	132.7			15										(1.01) April 2023	2023-05-19/Kimmo Saunisto
Purifi Audio	PTT6.5PR-NF1-01	PR	Active	6.5		17	10.9			0.818	80	1.05	26.2	133			15										2.00	2023-05-06/Kimmo Saunisto
Purifi Audio	PTT6.5PR-NL1-01	PR	Active	6.5		17	12			0.743	80	1.05	26.2	133			15										1.00	2023-05-06/Kimmo Saunisto
Purifi Audio	PTT6.5PR-NL2-02	PR	Active	6.5		17	11			0.818	83	1.04	26	133			15										1.00	2023-05-06/Kimmo Saunisto
Purifi Audio	PTT6.5W04-NFA-01	W	Active	6.5	3.7	33	6.3	0.27	0.26	0.7	21.1	1.1	28.9	132.7	7.7	80	5.9	0			0.32				91.2	16.02	(0.91) December 2020	2023-05-06/Kimmo Saunisto
Purifi Audio	PTT6.5W04-NLA-10	W	Active	6.5	3.7	33	6	0.3	0.28	0.79	22.7	1.01	25.3	132.7	7.7	80	5.9	0			0.33				90.2	16.02	(1.00) November 2022	2023-05-19/Kimmo Saunisto
Purifi Audio	PTT6.5W08-NAA-07	W	Active	6.5	6.8	35	5.9	0.37	0.35	0.82	22.3	0.95	23.8	132.7	9.4	80	5.9	0			0.49				87.1	12.99	(0.95) January 2023	2023-05-18/Kimmo Saunisto
Purifi Audio	PTT6.5W08-NAA-08	W	Active	6.5	6.8	35	5.9	0.37	0.35	0.82	22.3	0.95	23.8	132.7	9.4	80	5.9	0			0.49				87.1	12.99	(1.00) April 2023	2023-05-19/Kimmo Saunisto
Purifi Audio	PTT6.5W08-NFA-01	W	Active	6.5	6.9	38.5	6.7	0.35	0.33	0.9	19.4	0.88	22	132.7	9.6	80	5.9	0			0.48				88.2	13.36	(0.91) December 2020	2023-05-06/Kimmo Saunisto
Purifi Audio	PTT6.5W08-NLA-10	W	Active	6.5	6.9	34	5.9	0.34	0.32	0.75	20.5	1.05	26.1	132.7	9.5	80	5.9	0			0.52				87.4	13.08	(1.00) November 2022	2023-05-18/Kimmo Saunisto
Purifi Audio	PTT6.5X04-NAA-07	W	Active	6.5	3.7	32	7.5	0.37	0.35	0.81	29.8	0.82	20.5	132.7	7.8	80	9.8	0			0.36				87.9	16.44	(1.00) March 2022	2023-05-06/Kimmo Saunisto
Purifi Audio	PTT6.5X04-NAA-08	W	Active	6.5	3.7	32	7.5	0.37	0.35	0.81	29.8	0.82	20.5	132.7	7.8	80	9.8	0			0.36				87.9	16.44	(0.95) November 2021	2023-05-06/Kimmo Saunisto
Purifi Audio	PTT6.5X04-NFA-01	W	Active	6.5	3.7	30	5.8	0.28	0.27	0.88	26.7	1.04	25.9	132.7	8.1	80	9.8	0			0.38				89.3	17.73	(1.11) December 2020	2023-05-06/Kimmo Saunisto
Purifi Audio	PTT6.5X04-NLA-10	W	Active	6.5	3.7	30	6.2	0.34	0.32	0.89	28.7	0.96	23.9	132.7	7.8	80	9.8	0			0.4				88.1	16.44	(1.00) November 2022	2023-05-19/Kimmo Saunisto
Purifi Audio	PTT6.5X04-NLB-02	W	Active	6.5	3.7	30	7.4	0.3	0.29	0.69	27	1.07	26.8	132.7	7.9	80	9.8	0			0.45				89.2	16.87	(1.00) September 2021	2023-05-06/Kimmo Saunisto
Purifi Audio	PTT6.5X08-NAA-07	W	Active	6.5	5.9	34	7.7	0.42	0.4	0.75	27.2	0.82	20.4	132.7	9	80	9.8	0			0.5				86.1	13.73	(1.00) March 2022	2023-05-06/Kimmo Saunisto
Purifi Audio	PTT6.5X08-NAA-08	W	Active	6.5	5.9	34	7.7	0.42	0.4	0.75	27.2	0.82	20.4	132.7	9	80	9.8	0			0.5				86.1	13.73	(0.9) November 2021	2023-05-06/Kimmo Saunisto
Purifi Audio	PTT6.5X08-NFA-01	W	Active	6.5	6	31	6.6	0.32	0.3	0.72	24.4	1.06	26.4	132.7	9.5	80	9.8	0			0.53				87.2	15.04	(1.01) December 2020	2023-05-06/Kimmo Saunisto
Purifi Audio	PTT6.5X08-NLA-10	W	Active	6.5	6	29	8.3	0.32	0.3	0.56	25.8	1.22	30.3	132.7	9.3	80	9.8	0			0.56				86.9	14.42	(1.00) February 2023	2023-05-18/Kimmo Saunisto
Purifi Audio	PTT6.5X08-NLB-02	W	Active	6.5	6	33	8.1	0.37	0.36	0.65	25.3	0.93	23.2	132.7	9.2	80	9.8	0			0.64				86.8	14.11	(1.00) September 2021	2023-05-06/Kimmo Saunisto
Purifi Audio	PTT8.0PR-NA2-01	PR	Active	8		14	9.4			1.3	132	0.93	73	235.1			15										(1.01) April 2023	2023-05-18/Kimmo Saunisto
Purifi Audio	PTT8.0X04-NAB-02	W	Active	8	3.5	26	5.3	0.38	0.36	1.32	43.2	0.9	70.4	235.1	8	350	9.3	0			0.18				90.7	18.29	(1.0) April 2023	2024-05-27/Kimmo Saunisto
Purifi Audio	PTT8.0X08-NAB-02	W	Active	8	6	24	5.8	0.37	0.35	1.22	47.6	0.95	74.5	235.1	10.7	300	9.3	0			0.33				87.7	19.08	(0.99) September 2022	2023-05-06/Kimmo Saunisto
Rainbow	Amboss 12	S	Active	12	4.2	28	8.43	0.47	0.42	5.31	280.12	0.12	42	510	22.2	500	17				4.43				87.7	117.34		
Ravemaster	AXX1212				3.2	35	4.8	0.38	0.35	8.582	187.3	0.11	41	515	18.63	220	9		22	70					92.6	108.46		2017-07-01/Data import
Ravemaster	BSW104II				3.3	25	3.1	0.2	0.19	4.471	88.2	0.459	77	346	15.12	200	5.4		10	40					93.6	69.28		2017-07-01/Data import
Ravemaster	BSW124II				3.3	28	3.8	0.27	0.25	5.732	123.8	0.261	91	499	16.32	220	5.4		10	40					94.5	80.71		2017-07-01/Data import
Ravemaster	Ravemaster_VXT104				3.5	29	2.4	0.41	0.35	3.5	46.1	0.653	114	353	8.47	180	3		6.2	17					93.9	20.5		2017-07-01/Data import
Ravemaster	Ravemaster_VXT124				3.5	30	3	0.52	0.44	3.781	60.2	0.468	191	540	8.74	180	4		6	19					95.6	21.83		2017-07-01/Data import
Ravemaster	VXT88				5.5	42	3.8	0.65	0.56	1.777	25.6	0.561	37	217	7.56	120	3		8	25					89.9	10.39		2017-07-01/Data import
RCF	L10/568H	W	Active	10	5.1	70	6	0.41	0.38	2.22	30	0.171	29.4	350	12.8	200	4.3				1.05				97.9	32.13		2016-03-05/Datasheet Import
RCF	L10/750YK	W	Active	10	5.1	68	4.2	0.25	0.24	1.07	36	0.22	26	350	17.5	350	2.5				1.3				99.1	60.05		2016-03-05/Datasheet Import
RCF	L10CX1AK	C		10	5.1	67.9	4	0.69	0.59	2.45	23	0.24	33	314	8.5	120	3								95.7	14.17		
RCF	L12/554K	W		12	6.2	40.3	8.55	0.23	0.23	1.04	35	0.45	130	456	15.4	300	5								98.8	38.25		
RCF	L12/568H	W		12	6.2	58.8	5.8	0.44	0.41	2.55	40	0.18	72	530	14.4	200	4				1.49				98.3	33.45		
RCF	L12/854K	W		12	5.2	56.4	7	0.35	0.34	1.52	30	0.27	80	464	12.5	250	2								100	30.05		
RCF	L12CX2K	C		12	5.7	59.7	8	0.49	0.46	1.59	34	0.21	65	471	12.2	150	4								98	26.11		
RCF	L12P110K	W	Active	12	5.6	44	4.3	0.14	0.13	3.38	55	0.249	98	530	25	500	3				1				101.3	111.61		2016-03-05/Datasheet Import
RCF	L12P300	W		12	5.9	40	7.3	0.28	0.27	2.82	81.92	0.19	76	530	21	300	5				1.3				95.7	74.75		
RCF	L12P400K	W		12	6	33.7	7	0.26	0.25	1.51	50	0.45	130	456	15.5	400	6								96.1	40.04		
RCF	L12P48	W		12	5	19.5	10	0.45	0.43	0.99	80.58	0.83	270	483	10.5	150	5.5								90.5	22.05		
RCF	L12P520	W		12	5	65	6.52	0.39	0.37	3.14	50.16	0.12	47	530	16.2	250	4				0.6				99.2	52.49		
RCF	L12P530	W		12	5.1	52	5.8	0.36	0.34	3.14	55.82	0.17	66	530	16.1	300	4.5				0.86				98.1	50.83		
RCF	L12P540	W		12	5.6	54.9	11	0.35	0.34	2.07	66	0.13	50	530	19	400	4.5				1.89				97.3	64.46		
RCF	L15/541K	W		15	5.5	30.9	2.5	0.26	0.23	5.83	75	0.35	300	779	17.6	400	7								98.9	56.32		
RCF	L15/554	W	Active	15	6.6	35	8.6	0.25	0.24	2.25	91	0.235	227	830	23	600	5.8				1.7				98.7	80.15		2016-03-05/Datasheet Import
RCF	L15P200AK	W	Active	15	6.5	38	8.1	0.35	0.34	1.4	134	0.39	139	830	25.8	800	9.8				1.5				96.3	102.41		2016-03-05/Datasheet Import
RCF	L15P400	W	Active	15	4.8	36	7.5	0.27	0.25	4.27	150	0.138	160	910	24.8	800	8				2.2				98.6	128.13		2016-03-05/Datasheet Import
RCF	L15P530	W	Active	15	5.1	45	7.5	0.51	0.48	2.98	83	0.158	160	850	15.3	350	6.5				1.45				98.5	45.9		2016-03-05/Datasheet Import
RCF	L15P540	W	Active	15	5.6	50	9.7	0.41	0.39	3.31	106	0.099	100	850	21.4	500	6.5				1.5				98.4	81.78		2016-03-05/Datasheet Import
RCF	L15P801	W		15	5	42	5.2	0.23	0.22	3.3	65	0.22	200	804	19.3	350	2.5								102.1	74.5		
RCF	L15S800	W		15	6.1	47.6	11	0.34	0.33	2.72	100	0.11	113	850	23.3	600	3.5				2				98.7	89		
RCF	L15S801	W	Active	15	6.1	48	11	0.33	0.32	2.72	100	0.111	113	850	23.6	700	5.5				1.7				99	91.3		2016-03-05/Datasheet Import
RCF	L18/851K	W		18	5.7	38.7	6	0.38	0.35	5.19	128	0.13	200	1041	21.7	1000	4.5								98.3	82.61		
RCF	L18P200KN	W		18	6.3	22.3	5	0.28	0.27	3.93	140	0.36	550	1041	21	700	9								96.4	70		
RCF	L18P300	W	Active	18	5	33	8.3	0.34	0.33	4.61	180	0.126	226	1130	23.5	1000	7.8				1.9				97.8	110.45		2016-03-05/Datasheet Import
RCF	L18P400	W	Active	18	5.1	29	7.6	0.29	0.28	4.43	200	0.163	340	1220	24.6	1000	8.8				2.5				98.5	118.66		2016-03-05/Datasheet Import
RCF	L18P540	W		18	5.5	34	8	0.39	0.37	4.59	171.8	0.13	228	1130	22.7	350	4.5				1.23				97.2	93.69		
RCF	L18S800	W		18	6.8	41.1	8.3	0.43	0.41	4.61	148	0.1	182	1134	24.5	600	5				2.1				97.4	88.27		
RCF	L18S801	W	Active	18	4.9	39	8.3	0.3	0.29	4.28	148	0.115	206	1130	24.5	700	6.8				1.7				100.2	122.5		2016-03-05/Datasheet Import
RCF	L5/090	W		5.25	4	60	7.5	0.44	0.42	0.45	8.88	0.79	8.4	87	5.5	80	2.5								91.2	7.56		
RCF	L6L380	W		6.5	5.5	131.7	3	0.41	0.36	2.76	10	0.15	3.3	127	10.5	120	1								96.3	20.05		
RCF	L8S800	W	Active	8	6.1	60	4.1	0.46	0.41	1.82	21	0.356	22	210	10.3	170	5.8				0.9				93.3	17.39		2016-03-05/Datasheet Import
RCF	LF12G301	W	Active	12	5.8	43	4.6	0.23	0.22	3.27	56	0.246	97	530	19	450	6.8				2				98.7	62.24		2016-03-05/Datasheet Import
RCF	LF12N401	W	Active	12	5.5	48	9.1	0.21	0.2	2.87	78	0.127	50	530	26	800	7.3				1.7				97.8	122.91		2016-03-05/Datasheet Import
RCF	LF12X401	W	Active	12	5.2	45	5.4	0.22	0.21	5.16	100	0.127	50	530	26.1	1000	8.8				2.1				97	131		2016-03-05/Datasheet Import
RCF	LF15G401	W	Active	15	4.8	36	6.2	0.27	0.26	5.53	150	0.129	150	910	24.6	800	8.5				2.5				98.4	126.08		2016-03-05/Datasheet Import
RCF	LF15N401	W	Active	15	5.1	34	5.8	0.23	0.22	5.85	158	0.14	160	910	27.8	900	8.8				2.5				98.3	151.54		2016-03-05/Datasheet Import
RCF	LF15X401	W	Active	15	5.5	34	7.6	0.3	0.29	4.89	170	0.126	146	910	26.5	1500	11.5				2.1				96.4	127.68		2016-03-05/Datasheet Import
RCF	LF18G400	W	Active	18	5.1	28	4.6	0.29	0.27	7.18	190	0.172	360	1220	24.2	1000	9				2.5				98.3	114.83		2016-03-05/Datasheet Import
RCF	LF18G401	W	Active	18	4.8	33	7.6	0.3	0.29	4.96	182	0.128	268	1220	24.6	900	8.5		16	60	2.4				99.3	126.08		2016-03-05/Datasheet Import
RCF	LF18N401	W	Active	18	5.1	32	6.5	0.27	0.26	6.38	201	0.123	257	1220	27.8	1200	8.8				2.5				98.9	151.54		2016-03-05/Datasheet Import
RCF	LF18N451	W	Active	18	5	31	6	0.25	0.24	7.31	235	0.117	245	1220	30.2	1500	8.8				2.6				98.7	182.41		2016-03-05/Datasheet Import
RCF	LF18X400	W	Active	18	5.1	28	6.5	0.29	0.27	5.14	192	0.163	340	1220	25	1000	9				2.3				98.1	122.55		2016-03-05/Datasheet Import
RCF	LF18X401	W	Active	18	5.4	30	7.4	0.31	0.3	5.47	215	0.131	274	1220	26.5	1500	11.5				2.4				97.5	130.05		2016-03-05/Datasheet Import
RCF	LF18X451	W	Active	18	5.4	30	6.7	0.29	0.28	7.54	260	0.105	220	1220	30.5	1800	13.5				2.6				96.8	172.27		2016-03-05/Datasheet Import
RCF	LF21N451	W	Active	21	5.6	30	6.1	0.27	0.26	9.77	315	0.089	375	1730	34.5	1500	13.2				3				99.3	212.54		2016-03-05/Datasheet Import
RCF	LF21X451	W	Active	21	5.4	28	6.9	0.39	0.37	8.95	355	0.092	385	1730	30.5	2000	13.5				1.4				97.1	172.27		2016-03-05/Datasheet Import
RCF	MB10G251	W	Active	10	5.2	76	8	0.35	0.34	1.87	32.5	0.14	24	350	14.9	300	7				0.5				98.7	42.69		2016-03-05/Datasheet Import
RCF	MB10N305	W	Active	10	5.6	60	4	0.24	0.23	3.68	36.5	0.18	31	350	18.5	500	5				0.9				98	61.12		2016-03-05/Datasheet Import
RCF	MB12N251	W	Active	12	5.4	53	4.7	0.28	0.27	3.49	48	0.183	72	530	17	400	5.5				0.7				99.5	53.52		2016-03-05/Datasheet Import
RCF	MB12N351	W	Active	12	5.6	55	4.5	0.21	0.2	4.15	54	0.155	61	530	22.5	650	5.5				1.65				100.4	90.4		2016-03-05/Datasheet Import
RCF	MB12N405	W	Active	12	5	52	6	0.21	0.2	3.81	72.5	0.134	53	530	23.5	1000	7.3				1.2				99.5	110.45		2016-03-05/Datasheet Import
RCF	MB12X301	W	Active	12	5.4	50	9	0.3	0.29	1.99	57	0.178	70	530	18	500	6				0.6				98.4	60		2016-03-05/Datasheet Import
RCF	MB15H401	W	Active	15	5.4	44	4.8	0.32	0.3	7.25	107	0.104	121	910	22.1	700	7.5				1.9				98.8	90.45		2016-03-05/Datasheet Import
RCF	MB15N301	W	Active	15	5.8	48	4.6	0.39	0.37	5.59	90	0.129	134	860	19.2	500	6				0.9				99.2	63.56		2016-03-05/Datasheet Import
RCF	MB15N351	W	Active	15	5.4	55	5.9	0.24	0.22	5.09	72	0.186	46	530	22.5	700	5.8				1.3				98.7	93.75		2016-03-05/Datasheet Import
RCF	MB15N401	W	Active	15	5	42	7.7	0.2	0.19	4.21	100	0.117	136	910	26.1	850	5.5				1.6				101.1	136.24		2016-03-05/Datasheet Import
RCF	MB15N405	W	Active	15	5.5	46	4.8	0.28	0.27	6.74	98	0.107	124	910	23.5	1100	7				1.1				100	100.41		2016-03-05/Datasheet Import
RCF	MB15X351	W	Active	15	5.4	46	6.7	0.33	0.31	4.69	106	0.11	114	860	22.8	700	5.5				1.3				99	96.27		2016-03-05/Datasheet Import
RCF	MBG200	W	Active	8	4.8	76	3.7	0.37	0.33	3.18	25	0.178	11	210	12.5	200	6				1.4				95.4	32.55		2016-03-05/Datasheet Import
Reckhorn	D-165	S	Active	6.5	3.6	28	5.69	0.32	0.3	1.435	43	0.696	17	132	9.38	80	8		16.4	70	1.2				86.1	24.44		2017-07-25/Kimmo Saunisto
Response	210W10	S		8	6	32	2.58	0.44	0.38	1.985	25.8	0.971	57.76	206	8.06	80	3								89.6	10.83		2017-08-31
SB Acoustics	SATORI MR13TX-4	M	Active	5	3.4	44	4.98	0.28	0.27	0.4	7.2	1.81	12.2	69	4.9	30	3	0			0.11				91.4	7.06	REV. 0 (09.02.2024)	2025-10-31/Kimmo Saunisto
SB Acoustics	SATORI MR16P-4	M	Active	6.5	3.2	31	4.85	0.26	0.25	0.45	11.2	2.35	47.2	119	5.2	80	3.1	0			0.11				93.3	8.45		
SB Acoustics	SATORI MR16P-8	M	Active	6.5	6.2	32	5.11	0.32	0.3	0.4	10.6	2.3	44.3	119	6.5	60	3.1	0			0.11				89.7	6.81		
SB Acoustics	SATORI MR16PNW-4	M	Active	6.5	3.2	31	4.85	0.26	0.25	0.45	11.2	2.35	47.2	119	5.2	80	3.1	0			0.11				93.3	8.45		
SB Acoustics	SATORI MR16PNW-8	M	Active	6.5	6.2	32	5.11	0.32	0.3	0.4	10.6	2.3	44.3	119	6.5	60	3.1	0			0.11				89.7	6.81		
SB Acoustics	SATORI MR16TX-8	M	Active	6.5	6.2	35	6.47	0.32	0.31	0.35	10.3	2	38.9	117	6.6	30	2.85	0			0.11				90.3	7.03	REV. 1 (02.04.2024)	2025-10-31/Kimmo Saunisto
SB Acoustics	SATORI MW13P-4	WM	Active	5	3.8	41	3.71	0.29	0.27	0.49	7.2	2.124	14.6	70	4.9	40	5	0			0.13				90.6	6.32		2016-03-05/Kimmo Saunisto
SB Acoustics	SATORI MW13P-8	WM	Active	5	6	41.5	3.55	0.33	0.3	0.5	6.8	2.182	15	70	5.7	40	5	0			0.15				88.4	5.42		2016-03-05/Kimmo Saunisto
SB Acoustics	SATORI MW16P-4	WM	Active	6.5	3.4	28	5	0.28	0.27	0.45	12.8	2.527	50.2	119	5.2	60	6	0			0.2				91.7	7.95		2016-03-05/Kimmo Saunisto
SB Acoustics	SATORI MW16P-8	WM	Active	6.5	6.2	29	4.5	0.35	0.33	0.5	12.4	2.416	48	119	6.3	60	6	0			0.2				88.4	6.4		2016-03-05/Kimmo Saunisto
SB Acoustics	SATORI MW16PNW-4	WM	Active	6.5	3.4	28	4.5	0.29	0.27	0.5	12.2	2.62	51.8	119	5	120	6	0			0.2				91.7	7.35		
SB Acoustics	SATORI MW16PNW-8	WM	Active	6.5	6.2	29	4.72	0.34	0.32	0.5	12.1	2.53	49.9	119	6.3	120	6	0			0.2				88.6	6.4		
SB Acoustics	SATORI MW16TX-4	WM	Active	6.5	3.4	29	5	0.29	0.27	0.46	12.6	2.39	48	119	5.2	60	6	0			0.15				91.8	7.95	Rev. 2 (02.04.2024)	2025-10-31/Kimmo Saunisto
SB Acoustics	SATORI MW16TX-8	WM	Active	6.5	6.2	29.3	4.7	0.35	0.33	0.48	12.3	2.4	48	119	6.3	60	6	0			0.2				88.5	6.4	Rev. 2 (02.04.2024)	2025-10-31/Kimmo Saunisto
SB Acoustics	SATORI MW19P-4	WM	Active	7.5	3.4	32	4.11	0.3	0.28	0.883	18.04	1.371	48	158	6.5	70	6.8	0			0.14				92.9	12.43		2017-06-09/Damian Demendecki
SB Acoustics	SATORI MW19P-8	WM	Active	7.5	6	32.5	4.06	0.36	0.33	0.88	17.49	1.371	48	158	7.8	70	6.7	0			0.2				89.9	10.14		2017-06-09/Damian Demendecki
SB Acoustics	SATORI MW19TX-4	WM	Active	7.5	3.4	32	5.43	0.28	0.27	0.6	16.2	1.52	53.2	158	6.3	70	6.8	0			0.14				93.7	11.67	Rev. 1 (02.04.2024)	2025-10-31/Kimmo Saunisto
SB Acoustics	SATORI MW19TX-8	WM	Active	7.5	6	33	6.47	0.35	0.33	0.5	15.6	1.52	53.4	158	7.5	70	6.7	0			0.2				90.6	9.38	Rev. 1 (02.04.2024)	2025-10-31/Kimmo Saunisto
SB Acoustics	SATORI WO24P-8	W	Active	9.5	5.8	24.5	5.7	0.41	0.38	1.188	44	0.959	87.5	255	9.9	90	8.5				0.56				88.4	16.9		2017-06-09/Damian Demendecki
SB Acoustics	SATORI WO24TX-4	W	Active	9.5	3.3	26.3	5.66	0.37	0.35	1.25	42.8	0.86	79	255	7.9	90	8.75	0			0.29				91.7	18.91		
SB Acoustics	SATORI WO24TX-8	W	Active	9.5	5.8	24.5	5.67	0.36	0.34	1.2	44.2	0.95	88	255	10.45	90	8.55	0			0.36				89	18.83	REV.2 (11.10.2024)	2025-10-26/Kimmo Saunisto
SB Acoustics	SB12NRX25-4	W	Active	4	3.1	55	3.2	0.46	0.4	0.57	5.6	1.597	5.6	50	3.6	30	5				0.14				89.2	4.18		2016-03-05/Kimmo Saunisto
SB Acoustics	SB12NRX25-8	W	Active	4	6.4	57	4.1	0.41	0.37	0.45	5.2	1.511	5.3	50	5.4	30	5				0.34				86.8	4.56		2016-03-05/Kimmo Saunisto
SB Acoustics	SB12NRXF25-4	W	Active	4	3.1	61	5.3	0.53	0.48	0.42	5.8	1.169	4.1	50	3.6	30	5				0.27				88.6	4.18		2016-03-05/Kimmo Saunisto
SB Acoustics	SB12NRXF25-8	W	Active	4	6.4	63	5.4	0.46	0.42	0.39	5.5	1.198	4.2	50	5.5	30	5				0.34				86.6	4.73		2016-03-05/Kimmo Saunisto
SB Acoustics	SB12PACR-00	PR	Active	4		33	12.4			0.32	19.2	1.21	4.3	50			9											2024-07-25/Kimmo Saunisto
SB Acoustics	SB12PFCR-00	PR	Active	4		34	12.5			0.32	18.8	1.2	4.2	50			9											2024-07-25/Kimmo Saunisto
SB Acoustics	SB13PFCR-00	PR	Active	5		23	5.9			0.88	36	1.33	14.2	87			10											2024-07-25/Kimmo Saunisto
SB Acoustics	SB13PFCR25-4	W	Active	5	3.2	44	2.6	0.33	0.29	1.1	10.5	1.25	13.4	87	5.3	40	4.5	0			0.56				91.4	8.78	Rev.2 (15.12.2021)	2024-07-21/Kimmo Saunisto
SB Acoustics	SB15MFC30-4	W	Active	5	3.1	35.5	5.26	0.3	0.28	0.41	9.9	2.057	19.4	82	4.8	50	5				0.12				90.7	7.43		2016-03-05/Kimmo Saunisto
SB Acoustics	SB15MFC30-8	W	Active	5	5.7	39	4.4	0.4	0.37	0.49	9	1.876	17.7	82	5.6	50	5				0.14				87.7	5.5		2016-03-05/Kimmo Saunisto
SB Acoustics	SB15NAC30-4	W	Active	5	3.1	35	5.65	0.32	0.3	0.42	10.8	1.929	18.2	82	4.8	50	5				0.12				90	7.43		2016-03-05/Kimmo Saunisto
SB Acoustics	SB15NAC30-8	W	Active	5	5.7	35.5	6	0.39	0.37	0.4	10.8	1.876	17.7	82	5.9	50	5				0.14				86.5	6.11		2016-03-05/Kimmo Saunisto
SB Acoustics	SB15NBAC30-4	W	Active	5	3.1	33	4.4	0.31	0.29	0.5	10.6	2.2	21	82	4.7	50	5	0			0.12				90	7.13		2020-11-16/Kimmo Saunisto
SB Acoustics	SB15NBAC30-8	W	Active	5	5.7	35.5	4.22	0.41	0.37	0.6	10	1.81	17	82	5.7	50	5	0			0.14				86.2	5.7		2020-11-16/Kimmo Saunisto
SB Acoustics	SB15NRXC30-4	W	Active	5	3.1	41	5.3	0.31	0.29	0.41	8.6	1.77	16.7	82	4.7	50	5				0.12				91.8	7.13		2016-03-05/Kimmo Saunisto
SB Acoustics	SB15NRXC30-8	W	Active	5	5.7	38	4.8	0.35	0.33	0.4	8.1	2.2	20.7	82	5.6	50	5				0.14				88.6	5.5		2016-03-05/Kimmo Saunisto
SB Acoustics	SB15SFCR-00	PR	Active	7		21	2.7			0.48	62	0.93	41.8	178			11											2024-07-25/Kimmo Saunisto
SB Acoustics	SB16PFC25-4	W	Active	6	3.2	35	2.76	0.39	0.34	1.1	13.8	1.5	32.7	124	5	80	4.5	0			0.56				91.5	7.81		
SB Acoustics	SB16PFC25-8	W	Active	6	5.6	38	2.5	0.48	0.4	1.4	13.8	1.25	27	124	6.2	80	4.5	0			0.77				88.4	6.86		
SB Acoustics	SB16PFCR-00	PR	Active	6		22	4.4			1.2	38	1.4	30	124			10											2024-07-25/Kimmo Saunisto
SB Acoustics	SB16PFCR25-4-COAX	C	Active	6	3.2	36	2.6	0.35	0.31	1.1	12.5	1.56	31.3	119	5.1	40	4.85	0			0.31				92.2	8.13		2022-11-08/Janne Panu
SB Acoustics	SB17CAC35-4	W	Active	6	3.1	29.5	4.7	0.31	0.29	0.6	15.2	1.91	37.8	118	5.3	120	5.5	0			0.13				91.1	9.06		
SB Acoustics	SB17CAC35-8	W	Active	6	5.7	28	4.46	0.4	0.36	0.6	15.4	2.13	42	118	6.2	120	5.5	0			0.15				87.1	6.74		
SB Acoustics	SB17CRC35-4	W	Active	6	3.1	31.5	4.32	0.35	0.32	0.65	14.2	1.8	35.5	118	5	120	5.5	0			0.13				91.1	8.06		
SB Acoustics	SB17CRC35-8	W	Active	6	5.7	28	3.9	0.37	0.34	0.6	13.3	2.43	48	118	6	120	5.5	0			0.15				88	6.32		
SB Acoustics	SB17MFC35-4	W	Active	6	3.1	30	5.2	0.3	0.28	0.45	12.3	2.29	45	118	4.9	120	5.5	0			0.13				92.2	7.75		
SB Acoustics	SB17MFC35-8	W	Active	6	5.7	33	4.9	0.4	0.37	0.5	11.8	1.97	39	118	5.9	120	5.5	0			0.15				88.9	6.11		
SB Acoustics	SB17NAC35-4	W	Active	6	3.1	32	5.95	0.34	0.32	0.49	14.8	1.689	33	118	5.2	60	5.5				0.13				91.1	8.72		2016-03-05/Kimmo Saunisto
SB Acoustics	SB17NAC35-8	W	Active	6	5.7	31.5	6	0.45	0.42	0.5	15.2	1.689	33	118	6.2	60	5.5				0.15				87.1	6.74		2016-03-05/Kimmo Saunisto
SB Acoustics	SB17NBAC35-4	W	Active	6	3.1	30	4.3	0.31	0.29	0.6	12.4	2.16	42.6	118	4.9	120	5.5	0			0.13				91.8	7.75		
SB Acoustics	SB17NBAC35-8	W	Active	6	5.7	31.5	4.1	0.38	0.35	0.6	12.5	2.3	45	118	5.9	120	5.5	0			0.15				89.2	6.11		
SB Acoustics	SB17NRX2C35-4	W	Active	6	3.1	36	4.49	0.41	0.37	0.7	13.9	1.4	27.6	118	4.9	120	5.5	0			0.13				91.1	7.75		
SB Acoustics	SB17NRX2C35-8	W	Active	6	5.7	36.5	4.55	0.47	0.42	0.7	13.9	1.37	27	118	6.25	100	5.5	0			0.15				87.9	6.85		
SB Acoustics	SB17NRXC35-4	W	Active	6	3.1	35	5.5	0.34	0.32	0.46	11.6	1.807	35.3	118	4.8	60	5.5				0.13				92.6	7.43		2016-03-05/Kimmo Saunisto
SB Acoustics	SB17NRXC35-8	W	Active	6	5.7	32	5	0.36	0.34	0.44	11	2.2	44.5	118	5.9	60	5.5	0			0.15				89.5	6.11		2016-03-05/Kimmo Saunisto
SB Acoustics	SB20PFCR-00	PR	Active	8		20	6.8			1.4	76.7	0.83	55	216			11											2024-07-25/Kimmo Saunisto
SB Acoustics	SB23MFCL45-4	S	Active	8	3.3	27	7.7	0.36	0.34	1.28	58.1	0.598	37	210	9.6	150	12				0.73				88.9	27.93		2017-06-09/Damian Demendecki
SB Acoustics	SB23MFCL45-8	S	Active	8	6.2	28.5	7.3	0.46	0.43	1.279	52.15	0.598	37	210	11.3	150	11				1.02				85.8	20.6		2017-06-09/Damian Demendecki
SB Acoustics	SB23NACS45-4	W	Active	8	3.3	23	5.4	0.35	0.33	0.881	32.1	1.454	95.2	216	6.7	60	6.5				0.27				91	13.6		2017-06-09/Damian Demendecki
SB Acoustics	SB23NACS45-8	W	Active	8	5.6	25	5.6	0.4	0.37	0.79	28.5	1.436	94	216	7.9	60	6.5				0.6				89.2	11.14		2016-03-05/Kimmo Saunisto
SB Acoustics	SB23NBACS45-4	W	Active	8	3.3	23	5.4	0.35	0.33	0.9	32	1.45	95	216	6.7	60	6.5	0			0.27				91	13.6		2025-09-28/Kimmo Saunisto
SB Acoustics	SB23NBACS45-8	W	Active	8	5.7	25	5.54	0.43	0.4	0.8	31.2	1.43	93.4	216	7.9	60	6.5	0			0.37				88.8	10.95		2025-09-28/Kimmo Saunisto
SB Acoustics	SB23NRXS45-4	W	Active	8	3.3	27	5.55	0.32	0.3	0.8	27.2	1.33	87.5	216	6.9	60	6.5	0			0.29				93.2	14.43	REV.0 (06.01.2017)	2025-10-26/Kimmo Saunisto
SB Acoustics	SB23NRXS45-8	W	Active	8	5.6	27	5.4	0.41	0.38	0.77	24.5	1.4	94	216	7.5	60	6.5				0.6				90.1	10.04		2016-03-05/Kimmo Saunisto
SB Acoustics	SB29NRX-00	PR	Active	10		10.2	10.8			3	505	0.48	66	312			17											2024-07-25/Kimmo Saunisto
SB Acoustics	SB29NRX2-00	PR	Active	10		17	7.3			3	205	0.43	60	312			17											2024-07-25/Kimmo Saunisto
SB Acoustics	SB29NRX75-6	W	Active	10	4.2	21	5.7	0.38	0.35	1.8	78	0.74	102	312	10.7	200	11				1.8				88.8	27.26		2016-03-05/Kimmo Saunisto
SB Acoustics	SB29NRX75-8	W	Active	10	6.2	26	7.06	0.39	0.37	1.4	58.9	0.63	85.6	312	12.4	200	11	0			2.3				89	24.8	REV.3 (12.01.2022)	2025-10-26/Kimmo Saunisto
SB Acoustics	SB29SWNRX-S75-6	S	Active	10	4.5	20	4.5	0.31	0.29	3.66	132	0.483	66	312	15.4	200	11	0			3				86.8	52.7		2016-03-05/Kimmo Saunisto
SB Acoustics	SB34NRX-00	PR	Active	12		8.7	12.1			3	665	0.5	183	508			17											2024-07-25/Kimmo Saunisto
SB Acoustics	SB34NRX2-0	PR	Active	12		14	8.62			3	294	0.44	160	506			17											2024-07-25/Kimmo Saunisto
SB Acoustics	SB34NRX75-16	W	Active	12	14	25	6.65	0.8	0.71	1.7	72	0.56	205	508	14.1	120	11	0			3.2				85.6	14.2	REV.2 (21.08.2019)	2025-10-26/Kimmo Saunisto
SB Acoustics	SB34NRX75-6	W	Active	12	4.2	19	5.1	0.43	0.4	2.3	99	0.71	260	508	10.7	200	11				1.8				91	27.26		2016-03-05/Kimmo Saunisto
SB Acoustics	SB34NRXL75-8	W	Active	12	6.2	22	5.5	0.29	0.28	2.35	93	0.56	205	508	16.6	200	10				1.2				91.9	44.45		2016-03-05/Kimmo Saunisto
SB Acoustics	SB34SWNRX-S75-6	S	Active	12	4.5	19	5	0.34	0.32	3.7	154	0.46	164	508	15.4	200	11	0			3				89.7	52.7		2016-03-05/Kimmo Saunisto
SB Acoustics	SB34SWPL76-4	S	Active	12	3.5	18	9.5	0.33	0.32	3.062	257.17	0.304	89.5	458	17.6	300	15	0			4.7				87.6	88.5		2017-06-09/Damian Demendecki
SB Acoustics	SB42FHC75-6	W	Discontinued	15	4.6	22.5	5.4	0.4	0.37	4.17	160	0.314	318	850	16.2	300	11.5				2.1				94	57.05		
SB Acoustics	SB42FHCL75-6	S	Active	15	4.6	18.4	7.4	0.32	0.31	2.6	166	0.45	462	850	16.7	300	11.5	0			2.1				93.9	60.63		2023-06-17/Kimmo Saunisto
SB Acoustics	SW26DAC76-3-DV (series)	S	Active	10	4.8	19.5	5.96	0.29	0.28	3.762	183.01	0.364	49.7	312	19.4	300	12				0				85.3	78.41		2017-06-09/Damian Demendecki
SB Acoustics	SW26DAC76-4	S	Active	10	3.2	22	4.5	0.51	0.46	4.07	134	0.395	54	312	10.8	200	12								86.5	36.45		2016-03-05/Kimmo Saunisto
SB Acoustics	SW26DAC76-8	S	Active	10	6.4	19.5	4.4	0.29	0.28	4.7	172	0.395	54	312	21.4	250	12								84.4	71.56		2016-03-05/Kimmo Saunisto
SB Acoustics	SW26DBAC-00	PR	Active	10		13	8.8			3.7	400	0.39	54	312			17											2024-07-25/Kimmo Saunisto
SB Acoustics	SW26DBAC76-4	S	Active	10	3.2	22	4.5	0.51	0.46	4.1	134	0.39	54	312	10.8	200	12	0							86.5	36.45	REV.4 (14.09.2021)	2025-10-26/Kimmo Saunisto
SB Acoustics	SW26DBAC76-8	S	Active	10	6.4	19.5	4.4	0.29	0.28	4.8	172	0.39	54	312	21.4	250	12	0							84.4	71.56	REV.4 (14.09.2021)	2025-10-26/Kimmo Saunisto
SB Acoustics	SW26SFC38-4	S	Active	10	3.5	27	4.94	0.3	0.29	2.2	64	0.54	88	340	11.2	80	3.5	0			1.27				93.2	35.84	1 (04.07.2022)	2023-12-29/Kimmo Saunisto
SB Audience	BIANCO-15OB350	W	Active	15	7.2	34	12.17	0.6	0.57	1.87	106.48	0.21	212.73	855.3	16.48	350	11.02	0			1.72				93.9	37.72		
SB Audience	NERO-21SW1100D	S	Active	21	5.1	32	10.92	0.34	0.32	5.67	309.3	0.08	312.6	1654.7	30	1100	12.2	0			1.29				98.7	176.47		2020-11-27/Kimmo Saunisto
Scan-Speak	10F/4424G00	F	Active	4	3.2	90	3.2	0.32	0.29	0.49	2.8	1.1	2	36	3.9	15	2.6	0			0.22	0.02	0.042	3	92.6	4.75	May 18, 2020	2020-11-09/Kimmo Saunisto
Scan-Speak	10F/8414G10	F	Active	4	6.3	100	2.44	0.65	0.51	0.76	2.93	0.86	1.57	36	4.27	10	2.3	0			0.57	0.029	0.062	4	86.9	2.89	May 18, 2020	2020-11-09/Kimmo Saunisto
Scan-Speak	10F/8424G00	F	Active	4	5.8	90	3.49	0.41	0.37	0.45	2.77	1.13	2.1	36	4.8	15	2.6	0			0.35	0.029	0.045	4	89.1	3.97	May 18, 2020	2020-11-09/Kimmo Saunisto
Scan-Speak	12M/4631G00	M	Active	4.5	3.2	75	5.57	0.35	0.33	0.55	6.5	0.69	2.3	49	5.3	40	3	0			0.35	0.059	0.028	145	90.4	8.78	May 18, 2020	2020-11-09/Kimmo Saunisto
Scan-Speak	12MU/4731T00	M	Active	4.5	3.1	64	3.64	0.26	0.24	0.6	5.4	1.15	5.4	58	5.1	80	3.5	0			1.4	0.042	0.059	3	93.5	8.39	May 18, 2020	2020-11-09/Kimmo Saunisto
Scan-Speak	12MU/8731T00	M	Active	4.5	5.9	66	3.63	0.31	0.29	0.54	4.7	1.24	5.8	58	6.1	80	3.4	0			2.03	0.064	0.08	5	90.6	6.31	May 18, 2020	2020-11-09/Kimmo Saunisto
Scan-Speak	12W/4524G00	W	Active	4.5	3.1	50	3.35	0.3	0.27	0.57	6.1	1.67	8.2	59	4.4	40	3	0			0.6	0.056	0.058	211	91.5	6.25	May 18, 2020	2020-11-09/Kimmo Saunisto
Scan-Speak	12W/8524G00	W	Active	4.5	5.7	52	3.42	0.35	0.32	0.54	5.6	1.67	8.2	59	5.4	40	3	0			0.92	0.093	0.086	205	88.6	5.12	May 18, 2020	2020-11-09/Kimmo Saunisto
Scan-Speak	13M-8636-00	M	Vintage	4	5.8	77	2.8	0.36	0.32	0.79	4.6	0.93	3	48	6	100	1.5				0.1				89.2	6.21		
Scan-Speak	13M-8640-00	M	Vintage	4	5.8	64	2.7	0.27	0.25	0.59	3.99	1.6	5	48	6	100	1.5				0.1				90.3	6.21		
Scan-Speak	15M/4531K00	M	Active	5.25	3.5	42	4.8	0.28	0.27	0.6	11	1.3	16	95	6	50	3	0			1.34	0.061	0.016	438	91.9	10.29	May 18, 2020	2020-11-09/Kimmo Saunisto
Scan-Speak	15M/4624G00	M	Active	5.25	3.2	100	5.62	0.47	0.43	0.69	6.2	0.41	3.7	75	5.3	75	1.5	0			0.5	0.067	0.026	82	94.9	8.78	May 18, 2020	2020-11-09/Kimmo Saunisto
Scan-Speak	15M/8631G00	M	Active	5.25	5.9	42	5.8	0.37	0.35	0.5	10.9	1.28	16.2	95	6.8	50	3	0			0.22				88.4	7.84	May 18, 2020	2020-11-09/Kimmo Saunisto
Scan-Speak	15W/4424G00	W	Active	5.25	3.1	46	3.26	0.26	0.24	0.7	7.9	1.51	13.8	80	5.2	60	2.8	0			0.63	0.047	0.062	218	93.2	8.72	May 18, 2020	2020-11-09/Kimmo Saunisto
Scan-Speak	15W/4434G00	W	Active	5.25	3	43	3.69	0.22	0.21	0.7	9.6	1.43	12.8	80	5.9	60	4.3	0			0.63	0.089	0.041	239	92.9	11.6	May 18, 2020	2020-11-09/Kimmo Saunisto
Scan-Speak	15W/4531G00	W	Active	5.25	3.4	40	4.6	0.34	0.32	0.7	13	1.25	15.8	95	5.7	60	6.5	0			1.11	0.099	0.019	24	90.4	9.56	May 18, 2020	2020-11-09/Kimmo Saunisto
Scan-Speak	15W/8424G00	W	Active	5.25	5.5	46	3.6	0.27	0.25	0.6	7.54	1.62	14.5	80	6.6	60	2.6	0			0.91	0.074	0.088	249	90.8	7.92	May 18, 2020	2020-11-09/Kimmo Saunisto
Scan-Speak	15W/8434G00	W	Active	5.25	5.7	45	3.74	0.27	0.25	0.66	8.61	1.43	12.8	80	7.3	60	4.2	0			1.07	0.144	0.053	950	89.8	9.35	May 18, 2020	2020-11-09/Kimmo Saunisto
Scan-Speak	15W/8530K00	W	Active	5.25	5.85	39	5	0.43	0.39	0.64	13	1.27	16	95	6.6	60	6.5	0			0.852	0.127	0.0248	1633	86.8	7.45	May 18, 2020	2020-11-09/Kimmo Saunisto
Scan-Speak	15W/8530K01	W	Active	5.25	5.9	38	5.8	0.55	0.5	0.54	13	1.33	17	95	5.8	60	6.5	0			2.65	0.122	0.025	228	85.6	5.7	May 18, 2020	2020-11-09/Kimmo Saunisto
Scan-Speak	15W/8531K00	W	Active	5.25	5.8	39	4.9	0.42	0.38	0.64	12.8	1.3	16.7	95	6.6	60	6.5	0			0.852	0.127	0.025	1633	87.1	7.51	May 18, 2020	2020-11-09/Kimmo Saunisto
Scan-Speak	15W/8534T00	W	Active	5.25	5.8	32	3.6	0.43	0.39	0.6	11	2.2	30	98	5.5	60	5	0			0.26				87	5.22	May 18, 2020	2020-11-09/Kimmo Saunisto
Scan-Speak	15W-8530K00 110mm magnet	W	Vintage	5.25	5.8	30	4.9	0.29	0.27	0.49	13	2.2	28	95	7	60	6.5				0.35				87.6	8.45		
Scan-Speak	15W-8530K00 90mm magnet	W	Vintage	5.25	5.8	30	4.9	0.38	0.35	0.5	13	2.2	28	95	6.1	60	6.5				0.35				86.4	6.42		
Scan-Speak	15WU/4741T00	W	Active	5.25	3.2	34	3.47	0.25	0.23	0.8	13	1.69	20	92	6	80	9	0			4.85	0.046	0.078	5	91	11.25	May 18, 2020	2020-11-09/Kimmo Saunisto
Scan-Speak	15WU/8741T00	W	Active	5.25	5.9	35	3.37	0.28	0.26	0.8	12.3	1.68	19.9	92	7.5	80	9	0			6.49	0.08	0.13	8	88.2	9.53	May 18, 2020	2020-11-09/Kimmo Saunisto
Scan-Speak	18M/4631T00	M	Active	6.5	3.5	65	5.65	0.67	0.6	1.03	14.3	0.42	14	154	5.6	120	3	0			0.16				93.2	8.96	May 18, 2020	2020-11-09/Kimmo Saunisto
Scan-Speak	18M/8631T00	M	Active	6.5	6	65	5.24	0.82	0.71	1.11	14.2	0.42	14	154	6.5	120	3	0			0.22				90	7.04	May 18, 2020	2020-11-09/Kimmo Saunisto
Scan-Speak	18S-8535-00	W	Vintage	6.5	5.8	26	2.5	0.47	0.4	1	15.32	2.4	72	145	5.6	70	5				0.3				87.7	5.41		
Scan-Speak	18W/16531G1	W	Vintage	6.5	12.2	27	4.7	0.42	0.39	0.64	17.8	2	61.5	150	9.4	60	6.5				0.3				84.8	7.24		
Scan-Speak	18W/4424G00	W	Active	6.5	3.2	49	4.57	0.42	0.38	0.77	11.4	0.92	24.1	137	5.2	50	2.8	0			0.61	0.04	0.061	208	94.3	8.45	May 18, 2020	2020-11-09/Kimmo Saunisto
Scan-Speak	18W/4434G00	W	Active	6.5	3	47	7.81	0.37	0.35	0.55	14.41	0.79	20.7	137	6	55	4.3	0			0.81	0.101	0.032	226	93.9	12	May 18, 2020	2020-11-09/Kimmo Saunisto
Scan-Speak	18W/4531G00	W	Active	6.5	3.4	33	5.2	0.38	0.35	0.7	17.5	1.33	41.9	157	5.7	70	6.5	0			1.59	0.0891	0.0169	32.6	91.7	9.56	May 18, 2020	2020-11-09/Kimmo Saunisto
Scan-Speak	18W/4531G01	W	Active	6.5	3.5	34	4.9	0.38	0.35	0.74	16.9	1.3	45.6	157	5.7	70	6.5	0			0.27				92.3	9.28	May 18, 2020	2020-11-09/Kimmo Saunisto
Scan-Speak	18W/8424G00	W	Active	6.5	5.7	54	4.04	0.51	0.45	0.95	11.3	0.77	20.3	137	6.6	50	2.6	0			0.9	0.065	0.089	381	91.4	7.64	May 18, 2020	2020-11-09/Kimmo Saunisto
Scan-Speak	18W/8434G00	W	Active	6.5	5.6	50	7.58	0.46	0.43	0.57	13.7	0.74	19.5	137	7.2	55	4.2	0			1.45	0.153	0.049	250	90.8	9.26	May 18, 2020	2020-11-09/Kimmo Saunisto
Scan-Speak	18W/8531G00	W	Active	6.5	5.8	28	5.1	0.39	0.36	0.6	17.5	1.85	58.2	157	6.8	60	6.5	0			2.31	0.122	0.026	220	88.5	7.97	May 18, 2020	2020-11-09/Kimmo Saunisto
Scan-Speak	18W/8535-01	W	Active	6.5	5.85	25	2.1	0.46	0.38	1.33	17.2	2.3	68.9	145	5.9	70	5	0			2.39	0.089	0.028	237	87.1	5.95	May 18, 2020	2020-11-09/Kimmo Saunisto
Scan-Speak	18W/8542-00	W	Discontinued	6.5	5.5	30	1.7	0.26	0.23	1.66	15	1.88	47.9	135	7.8	70	6.5	0			1.44	0.059	0.091	5	90.6	11.06	May 3, 2019	2020-11-09/Kimmo Saunisto
Scan-Speak	18W/8542-10	W	Active	6.5	5.7	43	1.7	0.44	0.35	2.1	13.6	1	26	135	6.9	70	6.5	0			0.2				90.2	8.35	May 18, 2020	2020-11-09/Kimmo Saunisto
Scan-Speak	18W/8544	W	Vintage	6.5	5.5	32.7	0.45	0.33	0.19	7.75	17	1.4	40	143	7.6	100	6.5		7	11	0.1				89.9	10.5		
Scan-Speak	18W/8545-01	W	Active	6.5	5.7	25	1.55	0.22	0.2	1.8	18	2.3	68.6	145	8.4	100	6.5	0			0.819	0.107	0.0343	14093	90.3	12.38	May 18, 2020	2020-11-09/Kimmo Saunisto
Scan-Speak	18W/8545K00	W	Active	6.5	5.5	28	5.2	0.3	0.28	0.69	20.5	1.58	46.4	145	8.2	100	6.5	0			1.76	0.144	0.034	100	88.9	12.23	May 18, 2020	2020-11-09/Kimmo Saunisto
Scan-Speak	18W-8535-00	W	Vintage	6.5	5.8	26	2.5	0.45	0.38	1	15.32	2.4	72	145	5.7	70	5		8	16	0.3				87.9	5.6		
Scan-Speak	18W-8543-00	W	Vintage	6.5	5.5	30	1.4	0.26	0.22	1.97	14.66	1.9	49	135	7.8	80	6.5				0.2				90.7	11.06		
Scan-Speak	18W-8545-00	W	Vintage	6.5	5.5	28	2.3	0.3	0.27	1.52	19.81	1.6	48	145	8	100	6.5				0.4				89.1	11.64		
Scan-Speak	18W-8546-00	W	Vintage	6.5	5.5	22	1.7	0.22	0.19	1.49	18.34	2.9	84	145	8	100	6.5				0.4				89.7	11.64		
Scan-Speak	18WE/4542T00	W	Active	6.5	3.4	46	5.62	0.26	0.25	0.9	17.5	0.68	17.2	133	8.1	50	7.2	0			0.1				93.8	19.3	May 18, 2020	2020-11-09/Kimmo Saunisto
Scan-Speak	18WE/8542T00	W	Active	6.5	6.3	50	5.01	0.34	0.32	1	16	0.64	16	133	9.7	50	7.7	0			0.14				90.7	14.93	May 18, 2020	2020-11-09/Kimmo Saunisto
Scan-Speak	18WU/4741T00	W	Active	6.5	3.3	34	3.76	0.39	0.36	1.1	19.1	1.2	38.4	154	5.9	70	9	0			4.01	0.0465	0.0775	4.79	91.7	10.55	May 18, 2020	2020-11-09/Kimmo Saunisto
Scan-Speak	18WU/4747T00	W	Active	6.5	3.3	36	3.72	0.39	0.35	1.1	18.1	1.1	36	154	5.9	70	9	0			4.72	0.047	0.077	5	92.2	10.55	May 18, 2020	2020-11-09/Kimmo Saunisto
Scan-Speak	18WU/8741T00	W	Active	6.5	5.8	35	3.78	0.44	0.39	1.1	18.5	1.1	37.1	154	7.3	70	9	0			6.28	0.0765	0.124	7.47	89	9.19	May 18, 2020	2020-11-09/Kimmo Saunisto
Scan-Speak	18WU/8747T00	W	Active	6.5	5.8	36	3.72	0.43	0.38	1.1	18	1.1	36.2	154	7.4	70	9	0			6.57	0.074	0.113	7	89.3	9.44	May 18, 2020	2020-11-09/Kimmo Saunisto
Scan-Speak	21W/8551	W	Vintage	8	5.5	30.3	2.86	0.32	0.29	1.47	22	1.3	70	200	8.5	90	5.5				0.12				91.5	13.14		
Scan-Speak	21W/8553	W	Vintage	8	5.5	25.7	1.8	0.3	0.26	1.84	20.5	1.9	105	200	7.77	90	6.5				0.1				91.4	10.98		
Scan-Speak	21W/8555-10	W	Active	8	5.5	20	4.5	0.33	0.31	0.89	32	1.98	134	220	8.2	100	6.5	0			2.04	0.158	0.033	101	88.7	12.23	May 18, 2020	2020-11-09/Kimmo Saunisto
Scan-Speak	21W-8554-00	W	Vintage	8	5.5	23	1.7	0.25	0.22	1.72	20.28	2.4	160	220	8	110	6.5				0.2				92.5	11.64		
Scan-Speak	21W-8555-00	W	Vintage	8	5.5	20	4.5	0.33	0.31	0.88	31.55	2	136	220	8.2	100	6.5				0.4				88.8	12.23		
Scan-Speak	21W-8555-01	W	Vintage	8	5.5	19	4.8	0.27	0.26	0.87	34.96	2	136	220	9.3	100	6.5				0.6				89	15.73		
Scan-Speak	21WE/4542T00	W	Active	8	3.4	38	5.43	0.3	0.28	1.1	25	0.7	54	233	8.2	50	7.2	0			0.1				95.7	19.78	May 18, 2020	2020-11-09/Kimmo Saunisto
Scan-Speak	21WE/8542T00	W	Active	8	6.3	36	6.33	0.4	0.38	1	28	0.7	54	233	10	50	7.7	0			0.2				91	15.87	May 18, 2020	2020-11-09/Kimmo Saunisto
Scan-Speak	22W/4534G00	W	Active	8	3	30	3.7	0.37	0.34	1.19	23.7	1.23	95	235	6	70	5.7	0			2.13	0.078	0.02	297	94.7	12	May 18, 2020	2020-11-09/Kimmo Saunisto
Scan-Speak	22W/4851T00	W	Active	8	3.7	21	5.2	0.23	0.22	0.81	32.5	1.85	126	220	8.2	80	9	0			7.63	0.121	0.019	44	92.4	18.17	May 18, 2020	2020-11-09/Kimmo Saunisto
Scan-Speak	22W/8534G00	W	Active	8	5.9	30	4.14	0.43	0.39	1.05	23.1	1.22	94.2	235	7.8	70	5.8	0			2.85	0.144	0.047	101	91	10.31	May 18, 2020	2020-11-09/Kimmo Saunisto
Scan-Speak	22W/8851T00	W	Active	8	6.2	21	5.1	0.26	0.25	0.8	31	1.85	126	220	9.9	80	9	0			12.5	0.175	0.025	564	89.6	15.81	May 18, 2020	2020-11-09/Kimmo Saunisto
Scan-Speak	22W/8857T00	W	Active	8	6.2	23	4.9	0.32	0.3	1.09	37	1.29	87.7	220	10.1	80	9	0			12.8	0.18	0.0257	30.6	88.3	16.45	May 18, 2020	2020-11-09/Kimmo Saunisto
Scan-Speak	23W/4557T00	S	Active	9	3.45	21	4.8	0.52	0.47	2.71	101	0.6	45	232	9.3	225	13	0			14.3	0.192	0.028	75	84.7	25.07	May 18, 2020	2020-11-09/Kimmo Saunisto
Scan-Speak	23W/4557T02	S	Active	9	3.45	21	4.8	0.52	0.47	2.71	101	0.6	45	232	9.3	225	13	0			14.3	0.192	0.028	75	84.7	25.07	May 18, 2020	2020-11-09/Kimmo Saunisto
Scan-Speak	25W/8561	W	Vintage	10	5.5	27.9	2.43	0.42	0.35	2.09	29	1.1	140	298	8.2	130	5.5				0.12				92.2	12.23		
Scan-Speak	25W/8565-00	W	Active	10	5.5	20	5.4	0.44	0.41	1	43	1.47	225	330	8.2	100	6.5	0			1.72	0.159	0.03	125	89.7	12.23	May 18, 2020	2020-11-09/Kimmo Saunisto
Scan-Speak	25W/8567-SE	W	Vintage	10	6	22	3.5	0.41	0.37	2	51	1	159	330	10.2	150	7				0.9				89.4	17.34		
Scan-Speak	25W-8565-01	W	Vintage	10	5.5	19	5.6	0.35	0.33	1	46.71	1.5	229	330	9.3	100	6.5				0.4				90.1	15.73		
Scan-Speak	26W/4534G00	W	Active	10	3.8	23	9.57	0.37	0.36	0.8	52	0.92	156	350	8.8	90	6	0			0.99	0.107	0.109	265	92.3	20.38	May 18, 2020	2020-11-09/Kimmo Saunisto
Scan-Speak	26W/4558T00	S	Active	10	2.6	21	5.56	0.33	0.31	2.49	105	0.55	94.9	352	10.5	80	12.5	0			1.75	0.241	0.063	252	91.1	42.4	May 18, 2020	2020-11-09/Kimmo Saunisto
Scan-Speak	26W/4867T00	W	Active	10	3.7	18	5.8	0.31	0.29	0.99	51	1.53	220	320	8.3	80	9	0			9	0.13	0.0191	19.5	91.5	18.62	May 18, 2020	2020-11-09/Kimmo Saunisto
Scan-Speak	26W/8534G00	W	Active	10	5.7	23	9.12	0.42	0.4	0.8	50.5	0.95	150	350	10.1	80	6	0			1.38	0.135	0.141	500	89.9	17.9	May 18, 2020	2020-11-09/Kimmo Saunisto
Scan-Speak	26W/8861T00	W	Active	10	6.2	19	5.2	0.33	0.31	1	43.5	1.61	231	320	9.9	80	9	0			11.1	0.165	0.028	203	89.9	15.81	May 18, 2020	2020-11-09/Kimmo Saunisto
Scan-Speak	26W/8867T00	W	Active	10	5.8	19	4.5	0.31	0.29	1.51	57	1.23	176	320	11.2	80	9	0			0.823	0.17	0.0379	2309	89.3	21.63	May 18, 2020	2020-11-09/Kimmo Saunisto
Scan-Speak	28W/4878T00	S	Active	10	3.1	18	5.6	0.32	0.3	2.3	114.5	0.68	127	363	11.2	200	14	0			0.5				89.8	40.46	May 18, 2020	2020-11-09/Kimmo Saunisto
Scan-Speak	28W/4878T01	W	Active	10	3.1	23	6.21	0.27	0.26	2	86	0.56	104	363	12	200	7	0			0.5				92.8	46.45	May 18, 2020	2020-11-09/Kimmo Saunisto
Scan-Speak	28W/8878T01	W	Active	10	6.3	22	5.81	0.33	0.31	2	84	0.62	116	363	14.9	200	7.5	0			0.55				88.8	35.24	May 18, 2020	2020-11-09/Kimmo Saunisto
Scan-Speak	30W/4558T00	S	Active	12	2.6	17	5.01	0.34	0.32	2.88	135	0.65	197	466	10.5	150	12.5	0			1.96	0.28	0.054	260	91.4	42.4	May 18, 2020	2020-11-09/Kimmo Saunisto
Scan-Speak	32W/4878T00	S	Active	12	3.1	18	7	0.33	0.32	2.42	150	0.52	203.9	526	12.5	200	14	0			12.1	0.249	0.038	8	91.7	50.4	May 18, 2020	2020-11-09/Kimmo Saunisto
Scan-Speak	32W/4878T01	W	Active	12	3.1	23	6	0.3	0.28	2.7	112	0.43	170	526	13	150	7	0			0.3				94.5	54.52	May 18, 2020	2020-11-09/Kimmo Saunisto
Scan-Speak	32W/8878T01	W	Active	12	6.1	19	5.69	0.35	0.33	2.4	114.8	0.6	234	526	15.6	150	7.5	0			0.68				89.8	39.9	May 18, 2020	2020-11-09/Kimmo Saunisto
Scan-Speak	5F/8422T01	F	Active	2.5	6	93	5.17	0.69	0.61	0.21	1.86	1.58	0.5	15.2	3.07	10	2	0			0.07				80.9	1.57	May 18, 2020	2020-11-09/Kimmo Saunisto
Seas	21F-WB	W	Vintage	8	6.1	35	2.2	0.47	0.38	1.7	15	1.214	90	230	7	60	3		7.7	22					92.3	8.03		2017-08-31/Kimmo Saunisto
Seas	A26RE4	W	Active	8	6.3	25	3.84	0.43	0.39	1.69	37.4	1.1	169	350	9.7	80	4		17.4	79	3.8				90.9	14.93	Jul 2012	2016-02-27/Datasheet Import
Seas	C16N001/F	C	Active	5.5	3.2	37	3.24	0.58	0.49	1.09	14.6	1.3	15	94	4.4	80	7		4.4	11.1	0.27				87.2	6.05	Aut 2008-1	2016-02-27/Datasheet Import
Seas	CA11RCY	W	Vintage	4.5	6.4	57.9	1.54	0.28	0.24	1.4	5.93	1.3	5.4	55	7	60	3				0.55				88.7	7.66		
Seas	CA12RCY	W	Active	4.5	6.4	57	2.17	0.36	0.31	1.04	6.1	1.3	5	55	6.35	60	3		9.1	24.4	1.05				87.1	6.3	Jul 2007-1	2016-02-27/Datasheet Import
Seas	CA15RLY	W	Active	5.25	5.6	44	1.88	0.42	0.34	1.19	7.7	1.7	14	80	5.5	60	5		7.6	21	0.82				88.1	5.4	Dec 2011	2016-02-27/Datasheet Import
Seas	CA18RLY	W	Active	6.5	5.8	42	2.92	0.56	0.47	1.04	10.6	1.4	32	136	5.6	80	5		8.6	22.9	1.05				89.7	5.41	Jul 2007-1	2016-02-27/Datasheet Import
Seas	CA18RNX	W	Active	6.5	5.8	35	1.9	0.37	0.31	1.72	14	1.4	33	136	7.2	80	6		8.7	26.4	1.2				89.2	8.94	Jul 2007-1	2016-02-27/Datasheet Import
Seas	CA21FEY	W	Vintage	8	6.1	31	2.16	0.22	0.2	1.8	19.97	1.3	97.6	230	10.3	80	3				0.6				94.4	17.39		
Seas	CA21RE4X/DC	W	Vintage	8	5.6	29	3.3	0.62	0.52	1.6	28.97	1	76.9	230	6.9	90	3				1				88.4	8.5		
Seas	CA21REX	W	Vintage	8	6.1	31	2.6	0.39	0.34	1.8	23.97	1.1	81.3	230	8.5	80	3				0.6				91.1	11.84		
Seas	CA22RNX	W	Active	8	6.1	29	2.04	0.52	0.41	2.05	20.9	1.4	97	230	7	80	6		8.8	26.4	1				89.8	8.03	Jul 2007-1	2016-02-27/Datasheet Import
Seas	CA22RNY	W	Active	8	6.2	34	1.69	0.36	0.3	2.51	19.8	1.1	82	230	8.5	90	6		9.2	27.5	1.55				92.6	11.65	Jul 2007-1	2016-02-27/Datasheet Import
Seas	CA25FEY	W	Vintage	10	6	31.2	1.83	0.33	0.28	3.18	29.7	0.88	150.7	350	10.3	80	4				0.8				94.7	17.68		
Seas	CA25RE4X/DC	W	Vintage	10	5.8	25.1	1.82	0.69	0.5	3.18	36.7	1.1	187.9	350	7	90	4				1.2				89.7	8.45		
Seas	CA26RE4X	W	Active	10	6.1	25	3.99	0.3	0.28	1.66	38.5	1.1	164	350	11.6	80	4		16.2	70.6	3.08				92.5	22.06	Jul 2007-1	2016-02-27/Datasheet Import
Seas	CA26RFX	W	Active	10	6.3	29	2.14	0.4	0.34	3.4	36.1	0.8	129	350	10.7	100	7		11.4	36.2	1.95				92	18.17	Jul 2007-1	2016-02-27/Datasheet Import
Seas	CB17RCY	W	Vintage	6.5	5.7	37.3	0.89	0.35	0.25	2.99	11.34	1.6	38	130	6.6	60	3				0.65				91	7.64		
Seas	CB17RCYP	W	Vintage	6.5	5.7	38	1.31	0.34	0.27	2	10	1.8	34.9	125	6.6	75	3				0.65				91	7.64		
Seas	CD22RN4X	W	Active	8	6.1	20	3.28	0.26	0.24	1.67	41.6	1.5	108	230	11.4	100	7		18.7	93	3.47				88.4	21.3	Jul 2007-1	2016-02-27/Datasheet Import
Seas	ER15RLY	W	Active	5.25	5.6	44	1.55	0.41	0.32	1.43	7.6	1.7	15	80	5.5	60	5		7.7	20.4	0.73				88.5	5.4	Jul 2007-1	2016-02-27/Datasheet Import
Seas	ER18RNX	W	Active	6.5	5.9	37	1.58	0.39	0.32	2.2	14	1.3	32	136	7.2	80	6		7.9	20.6	0.67				89.5	8.79	Jul 2007-1	2016-02-27/Datasheet Import
Seas	Exotic F8, 4 ohm	F	Active	8	3	31	4.24	0.43	0.39	0.57	10.5	2.08	146	222	4.2	35	2.1		5.4	6.7	0.05				96.3	5.88	Nov 2007-1	2016-02-27/Datasheet Import
Seas	Exotic F8, 8 ohm	F	Active	8	5.7	32	4.2	0.5	0.44	0.57	10	2.5	143	222	5.25	35	2.1		8.9	10.8	0.07				93.2	4.84	Dec 2007-1	2016-02-27/Datasheet Import
Seas	Exotic W8	W	Active	8	6	36	5.1	0.25	0.24	0.7	13.9	1.2	78	212	9.2	100	3		8.8	21.1	0.43				94.9	14.11	Dec 2008-1	2016-02-27/Datasheet Import
Seas	FA22RCZ	F	Active	8	5.7	30	4.36	0.38	0.35	0.63	12.6	2.2	134	222	6.4	40	3		8.9	11.5	0.09				93.3	7.19	Oct 2010-1	2016-02-27/Datasheet Import
Seas	FU10RB, 4 ohm	F	Active	4	3.3	102	3.15	1.28	0.91	0.85	4.5	0.5	1	38.5	2.72	40	2		4.3	6	0.29				85	2.24	Jun 2011-1	2016-02-27/Datasheet Import
Seas	FU10RB, 8 ohm	F	Active	4	6.42	102	3.25	1.36	0.96	0.83	4.05	0.6	1	38.5	3.56	40	2		7.8	10.3	0.16				81.9	1.97	Aug 2011-1	2016-02-27/Datasheet Import
Seas	G17RE/P	W	Vintage	6.5	6.1	33.3	1.76	0.44	0.35	1.99	16.74	1.4	27.5	120	7	100	3				0.6				86.8	8.03		
Seas	G17REX/P	W	Vintage	6.5	6.1	33.3	1.76	0.3	0.25	1.99	16.74	1.4	27.5	120	8.5	100	3				0.6				88.5	11.84		
Seas	H489	W	Vintage	6.5	6.1	36.2	1.7	0.29	0.25	1.94	14.5	1.3	26.9	120	8.33	90	3				0.6				89.6	11.38		
Seas	L12RCY/P	W	Active	4.5	5.5	50	2.34	0.33	0.29	0.94	6.8	1.5	5	50	6.1	70	3		7.5	22.8	0.76				86.4	6.77	Jul 2007-1	2016-02-27/Datasheet Import
Seas	L12RE/XFC	C	Active	4.5	3.1	55	2.99	0.33	0.3	1.08	9.2	0.9	3	47	5.5	80	3		5	16.1	0.48				87.9	9.76	Feb 2011-1	2016-02-27/Datasheet Import
Seas	L15RLY/P	W	Active	5.25	5.5	44	2.1	0.43	0.35	1.12	8.1	1.6	12	75	5.7	80	5		8.1	22.1	0.84				87.4	5.91	Jul 2007-1	2016-02-27/Datasheet Import
Seas	L16RN-SL	W	Active	5.5	6	37	2.48	0.55	0.45	1.38	14.7	1.3	19	104	6.1	80	6		7.7	20.9	0.64				85.7	6.2	Nov 2011	2016-02-27/Datasheet Import
Seas	L16RNX4	W	Active	5.5	3.1	37	2.31	0.38	0.33	1.54	14.7	1.3	18	104	5.4	80	6		4.3	12.9	0.32				89.9	9.41	Dec 2007-1	2016-02-27/Datasheet Import
Seas	L16RNX8	W	Active	5.5	5.8	39	2.08	0.44	0.36	1.88	15.3	1.1	16	104	7.2	80	6	0	7.7	20.2					86.7	8.94	Dec 2007-1	2016-02-27/Datasheet Import
Seas	L17RCY/P	W	Vintage	6.5	5.5	31	1.21	0.31	0.25	2.58	16	1.6	36	125	7.44	80	3								89	10.06		
Seas	L17REX/P	W	Vintage	6.5	6.1	39	1.7	0.29	0.25	2	14.5	1.4	20.8	120	9.2	100	2				0.65				89.5	13.88		
Seas	L18RCY/P	W	Active	6.5	5.6	33	2.01	0.37	0.31	1.39	12.7	1.8	38	125	6.5	80	4		8	24.4	0.92				89.2	7.54	Jul 2007-1	2016-02-27/Datasheet Import
Seas	L18RNX/P	W	Active	6.5	5.8	36	2.09	0.36	0.31	1.56	13.6	1.4	30	126	7.2	100	6		8.7	26.5	1.06				89.3	8.94	Sept 2007-1	2016-02-27/Datasheet Import
Seas	L22RN4X/P	W	Active	8	6.1	21	3.13	0.29	0.27	1.76	40	1.4	93	220	10.7	125	7		20.1	98	3.76				87.9	18.77	Jul 2007-1	2016-02-27/Datasheet Import
Seas	L22RNX/P	W	Active	8	6	23	2.07	0.38	0.32	2.01	27	1.8	112	220	8.15	110	6		10.2	34	1.43				88.8	11.07	Jul 2007-1	2016-02-27/Datasheet Import
Seas	L26RFX/P	W	Active	10	6.3	20	2.15	0.39	0.33	3.3	53	1.2	171	330	10.7	125	7		11.3	35.9	1.83				88.5	18.17	Jul 2007-1	2016-02-27/Datasheet Import
Seas	L26RO4Y	S	Active	10	3.3	24	4.9	0.28	0.27	5.4	173	0.26	46	363	18	250	14		12.4	39.1	3.85				89.4	98.18	Jun 2011-1	2016-02-27/Datasheet Import
Seas	L26ROY	S	Active	10	3.1	22	4.14	0.33	0.31	3.7	107	0.5	87	363	12	250	14		5.8	12.3	0.53				90.6	46.45	Sept 2008-1	2016-02-27/Datasheet Import
Seas	M11(H143)				6.5	140	2.17	1.09	0.73	2.092	5.2	0.25	1.1	56	5.2	100	0.9		8	15					87.3	4.16		2017-07-01/Data import
Seas	M14NP(H452)				6.5	55	1.16	0.45	0.32	2.125	7.1	1.174	10	78	5.97	140	3		9.5	20					88.6	5.48		2017-07-01/Data import
Seas	M15CH001				5.7	54	1.1	0.41	0.3	1.936	6.3	1.384	10.9	75	5.44	100	1		6.5	15					89.7	5.19		2017-07-01/Data import
Seas	M15CH002	M	Active	5.25	4.9	67	1.7	0.52	0.4	1.77	6.75	0.8	6	75	5.3	70	3		6.5	15.9	0.43				89.5	5.73	Jul 2007-1	2016-02-27/Datasheet Import
Seas	MCA12RC	M	Active	4.5	6.3	68	2.42	0.74	0.56	0.85	4.58	1.2	5	55	4.2	110	0.9		7.4	14.5	0.31				86.3	2.8	Jul 2007-1	2016-02-27/Datasheet Import
Seas	MCA15RCY	M	Active	5.25	5.8	51	1.57	0.3	0.25	1.53	7.1	1.4	12	80	6.8	100	1.7		7.7	20.7	0.73				90.6	7.97	Jul 2007-1	2016-02-27/Datasheet Import
Seas	MP12VC 8ohm	M	Vintage	4.5	6.1	90	1.34	0.65	0.44	2.4	5.8	0.54	2.9	62	5.5	90	0.9				0.5				88.3	4.96		
Seas	MP14RCY	M	Vintage	5.25	5.7	42.2	0.79	0.26	0.19	2.49	7.4	1.9	17.2	80	6.6	110	3		7.4	23.7	0.65				90.4	7.64		
Seas	MR18REX/XF	C	Active	6.5	6.2	126	2.49	0.96	0.69	4.26	11.8	0.1	3	126	8.3	80	3		7.5	18.3	0.43				91.1	11.11	Feb 2014	2016-02-27/Datasheet Import
Seas	MT14(H696)				5.7	50	1.11	0.35	0.27	1.879	6.6	1.526	13	78	5.83	120	3		9.5	20					90.1	5.96		2017-07-01/Data import
Seas	MU10RB-SL	M	Active	4	3.3	100	1.63	1.15	0.67	1.8	4.51	0.6	1.1	38.5	2.9	40	2		4.3	6	0.14				85.7	2.55	Oct 2012	2016-02-27/Datasheet Import
Seas	P11RCY	W	Vintage	4.5	5.7	54.8	1.54	0.27	0.23	1.51	6.73	1.3	5.3	55	7	60	3				0.65				88.6	8.6		
Seas	P14RC/TV	W	Vintage	5.25	5.7	40	1.35	0.25	0.21	1.4	7.51	2.1	18.9	80	6.5	60	3		7.3	22.2	0.6				90.3	7.41		
Seas	P14RCY	W	Vintage	5.25	5.7	40.3	1.35	0.22	0.19	1.39	7.4	2.1	18.9	80	7	60	3		7.3	20.2	0.65				91	8.6		
Seas	P17RCY	W	Vintage	6.5	5.7	35.2	0.88	0.3	0.23	2.98	11.84	1.7	40.8	130	7	60	3				0.65				91.2	8.6		
Seas	P17RE COAX/TVF	W	Vintage	6.5	6.1	35.3	1.7	0.38	0.31	1.99	15.24	1.3	26.9	120	7.4	100	3				0.6				88.1	8.98		
Seas	P17RE/TV	W	Vintage	6.5	6.1	34	1.21	0.35	0.27	3	17	1.3	30.5	130	7.9	80	3				0.6				88.5	10.23		
Seas	P17REX	W	Vintage	6.5	6.1	34.2	1.21	0.31	0.24	2.98	16.84	1.3	30.5	130	8.5	80	3				0.6				89.1	11.84		
Seas	P18RNX/P	W	Active	6.5	6.1	44	1.52	0.41	0.32	2.53	13.1	1	21	126	7.6	80	6		8.9	26.8	1.18				89.6	9.47	Feb 2007-1	2016-02-27/Datasheet Import
Seas	P21REX	W	Vintage	8	6.1	33	2.36	0.44	0.37	2.2	24.97	0.93	68.9	230	8.5	80	3				0.6				90.7	11.84		
Seas	P21REY	W	Vintage	8	6.1	33	2.36	0.34	0.29	2.2	24.97	0.93	68.9	230	9.7	80	3				0.6				91.8	15.42		
Seas	P21RFX/P	W	Vintage	8	6.4	34.3	1.7	0.27	0.23	2.98	23.53	0.92	48.3	194	11	125	4				0.8				91.6	18.91		
Seas	P25REX	W	Vintage	10	6.1	27.1	2.3	0.54	0.44	2.79	37.7	0.91	156.8	350	8.5	80	3				0.6				90.8	11.84		
Seas	SL26R	PR	Active	10		16	15			1.33	260	0.5	70.6	363			28										Apr 2010-1	2016-02-27/Datasheet Import
Seas	SP18R	PR	Active	6.5		26	15			0.235	21.5	1.74	41.5	130			9.5										Jul 2007-1	2016-02-27/Datasheet Import
Seas	SP22R	PR	Active	8		22	15			0.258	28	1.87	139	230			10										Jul 2007-1	2016-02-27/Datasheet Import
Seas	SP26R	PR	Active	10		22	15			0.386	42	1.25	215	350			12.5										Jul 2007-1	2016-02-27/Datasheet Import
Seas	T17RE	W	Vintage	6.5	6.1	34	1.32	0.43	0.32	3	18.52	1.2	28	130	7.5	80	2.5				0.6				87.3	9.22		
Seas	T18RE/XFCTV2	C	Active	6.5	6.1	26	1.63	0.31	0.26	1.45	13.7	2.7	52	120	6.8	80	3		8.1	24.6	0.79				87.9	7.58	Jul 2007-1	2016-02-27/Datasheet Import
Seas	U16RCY/P	W	Active	5.5	6.2	36	2.19	0.38	0.32	1.11	10.26	1.9	25	99	6.3	60	4		8.8	26.1	0.81				88	6.4	Apr 2008-1	2016-02-27/Datasheet Import
Seas	U18RNX/P	W	Active	6.5	5.9	43	2.05	0.45	0.37	1.78	13.4	1.1	22	126	6.9	80	6		7.6	19.8	0.25				89.2	8.07	Sept 2009-1	2016-02-27/Datasheet Import
Seas	U22REX/P-SL	W	Active	8	6	29	1.77	0.34	0.29	2.1	19.8	1.7	103	220	8	100	4		8.2	24.6	0.7				91.9	10.67	Oct 2012	2016-02-27/Datasheet Import
Seas	W111(H149)				6.4	58	1.54	0.28	0.24	1.501	6.3	1.187	5.4	57	7.27	60	3		9.5	20					88.7	8.26		2017-07-01/Data import
Seas	W11AL(H759)				5.5	53	2.1	0.35	0.3	1.088	6.9	1.314	4.6	50	5.99	70	3		9	15					86.5	6.52		2017-07-01/Data import
Seas	W11CY-001	W	Vintage	4.5	5.7	65	1.66	0.31	0.26	1.4	5.67	1.1	3.7	50	6.5	75	3				0.32				88.6	7.41		
Seas	W11CY-002	W	Vintage	4.5	5.6	46	1.9	0.37	0.31	1.1	7.22	1.7	5.8	50	5.6	70	3				0.32				85.4	5.6		
Seas	W12CY001	W	Active	4.5	5.6	45	2.5	0.42	0.36	0.87	7.5	1.7	6	50	5.4	70	3		6.6	16	0.43				84.7	5.21	Jul 2007-1	2016-02-27/Datasheet Import
Seas	W12CY003	W	Active	4.5	5.5	60	2.3	0.44	0.36	1.03	6.1	1.2	4	50	5.5	70	3		7	16.7	0.41				86.6	5.5	Jul 2007-1	2016-02-27/Datasheet Import
Seas	W14CY-001	W	Vintage	5.25	5.4	43	1.8	0.44	0.35	1.53	10.18	1.3	10.6	75	5.8	70	4				0.37				86.5	6.23		
Seas	W15CH001	W	Active	5.25	5.5	38	2.58	0.5	0.42	0.91	9.5	1.8	14	75	5.1	70	4		6.9	16.3	0.49				85.5	4.73	Jul 2007-1	2016-02-27/Datasheet Import
Seas	W15CY001	W	Active	5.25	5.5	38	2.22	0.43	0.36	1.06	9.5	1.8	14	75	5.5	70	4		6.8	16	0.49				86.1	5.5	Jul 2007-1	2016-02-27/Datasheet Import
Seas	W15LY001	W	Active	5.25	5.7	49	2.21	0.56	0.45	0.93	6.28	1.7	12	75	4.6	60	5		6.9	13.9	0.3				87.5	3.71	Jul 2007-1	2016-02-27/Datasheet Import
Seas	W16NX001	W	Active	5.5	6.2	39	2.16	0.41	0.35	1.64	13.9	1.2	14	94	7.3	80	7		7.4	15.2	0.41				86.2	8.6	Jul 2007-1	2016-02-27/Datasheet Import
Seas	W17CY-001	W	Vintage	6.5	5.7	37	2.75	0.41	0.36	1.1	13.01	1.4	36.3	135	6.5	80	3				0.32				90	7.41		
Seas	W17E-001	W	Vintage	6.5	6.9	35	2.5	0.38	0.33	1.27	14.45	1.4	31.8	126	7.6	100	4				0.32				88.2	8.37		
Seas	W17E-002	W	Vintage	6.5	6.4	34	2.4	0.37	0.32	1.47	16.51	1.3	29.5	126	7.8	100	4				0.4				87.9	9.51		
Seas	W17EX-001	W	Vintage	6.5	6.1	37	3.38	0.31	0.29	1.1	15.98	1.2	27.4	130	8.5	100	3				0.32				89.7	11.84		
Seas	W17EX-002	W	Vintage	6.5	6.4	34	1.77	0.31	0.26	2	16.51	1.3	29.5	126	8.6	100	4				0.4				88.7	11.56		
Seas	W17PPI				5.7	38	1.31	0.34	0.27	2.005	11	1.595	34.9	125	6.64	75	3		9	20					91	7.74		2017-07-01/Data import
Seas	W18E001	W	Active	6.5	6.1	34	2.91	0.49	0.42	1.2	15.5	1.4	30	126	6.6	100	5		8	18.9	0.65				87	7.14	Jul 2007-1	2016-02-27/Datasheet Import
Seas	W18EX001	W	Active	6.5	6.1	34	1.8	0.3	0.26	1.94	15.5	1.4	30	126	8.4	100	5		7.8	18.3	0.65				89.1	11.57	Jul 2007-1	2016-02-27/Datasheet Import
Seas	W18NX001	W	Active	6.5	6.3	40	2.08	0.41	0.34	1.77	13.7	1.2	24	126	7	80	7		8.1	16.8	0.43				88.8	7.78	Jul 2007-1	2016-02-27/Datasheet Import
Seas	W21EX-001	W	Vintage	8	6.5	31	2.73	0.49	0.42	2	27.99	0.94	63.8	220	8.5	120	6				0.32				88.8	11.12		
Seas	W21EX-002	W	Vintage	8	6.4	28	2.7	0.41	0.36	2	31.73	1	69	220	9.2	120	5				0.5				88.6	13.22		
Seas	W22EX001	W	Active	8	6.1	25	2.14	0.41	0.34	2.06	26.2	1.5	98	220	8.1	120	5		7.8	18.2	0.61				88.9	10.76	Jul 2007-1	2016-02-27/Datasheet Import
Seas	W22NY001	W	Active	8	6.1	33	1.73	0.36	0.3	2.6	20	1.2	72	220	8.8	90	7		8	15.7	0.61				91.7	12.7	Jul 2007-1	2016-02-27/Datasheet Import
Seas	W26FX001	W	Active	10	6.3	20	2.34	0.41	0.35	3.21	56.3	1.1	162	330	10.7	150	7		8.2	19.6	1.43				88	18.17	Jul 2007-1	2016-02-27/Datasheet Import
Seas	W26FX002	W	Active	10	6.2	31	2.55	0.47	0.39	3.52	42.4	0.6	87	330	10.9	100	7		8.4	18.6	0.81				90.5	19.16	Jul 2005-1	2016-02-27/Datasheet Import
Seas	WA211D				6.1	29	1.8	0.4	0.33	2.418	23.9	1.261	91	227	8.15	120	3		9.5	20					90.6	10.89		2017-07-01/Data import
Seas	WP171				5.7	40	1	0.36	0.26	2.242	8.9	1.775	42	130	5.96	90	3		9	20					92.2	6.23		2017-07-01/Data import
Seas	WT171				5.7	42	1.3	0.38	0.29	1.916	9.4	1.521	36	130	6.11	90	3		9	20					91.9	6.55		2017-07-01/Data import
SEAS	L19RNX1	W		6.4	6.41122	38.9412	9.1624	0.515017	0.487608	0.321354	25.8994	0.618481	19.4466	146	8.8881	100	7	0.0616			2.08659	0.298592	0.0350055	1329.4	86.4	12.32		2020-20-10/Jeff Candy
Sica	12E2,5S				6	50	14	0.3	0.29	0.84	37.4	0.271	91	490	15.34	250	2		12	40					99	39.22		2017-07-01/Data import
Sica	12F3CPAluFerrit				5.1	55	9.1	0.25	0.24	2.026	53.3	0.157	53	491	19.39	350	2.5		12	40					99.4	73.72		2017-07-01/Data import
Sica	12L2,5SL				6	55	2.2	0.47	0.39	6.804	43.3	0.193	65	490	13.82	250	4		12	35					96.9	31.83		2017-07-01/Data import
Sica	12S2,5CS				6	33	14	0.27	0.26	1.232	83.2	0.28	94	490	19.58	250	7		30	150					94.2	63.9		2017-07-01/Data import
Sica	6.5 C 1.5 CP	C	Active	6.5	5.1	56.8	4.05	0.43	0.39	1.155	13.1	0.599	12.8	122.7	7.43	120	4.5	0			0.44				91.3	10.82		2022-11-08/Janne Panu
Sinus	10WS 7.3 BP-8	M		4	6.3	70	2.5	0.79	0.6	1.06	6.03	0.86	3	50	4.6	40	2.5								84.2	3.36		
Sinus	13MS 10.3 BP-8			5	5.6	80	2	0.33	0.29	1	3.99	0.99	7.2	72	5.8	70	1.5								94	6.01		
Sinus	13WS 7.3 BP-8			5	6.4	55	3.2	0.58	0.49	0.77	7.13	1.2	10	78	5.2	40	2.5								87.5	4.23		
Sinus	16WS 10.3 BP-8	W		6.5	6	48.9	1.05	0.46	0.32	3.78	12.9	0.82	20	132	7.2	60	3.5								90.3	8.64		
Sinus	16WS 7.34 BP-8	W		6.5	5.6	46	2.9	0.6	0.49	1.46	14.6	0.82	20	132	6.3	50	2.5								88.7	7.09		
Sinus	20WBA 10.3 BP-8	W		8	5.6	33.4	2.4	0.4	0.34	1.57	18	1.3	75	206	7.3	50	3.5								92	9.52		
Sinus	22WS 7.34 BP-8	W		8	5.6	34.8	4.2	0.59	0.52	0.99	19.1	1.1	62	201	6.3	50	3.5								90	7.09		
Sinus	25WBA 12.4 BP-8			10	5.6	33	2.7	0.53	0.44	2.23	29	0.8	115	320	8	100	6								92.5	11.43		
Sinus	30WBA 12.5 BP-8			12	5.6	32.2	6.3	0.81	0.72	1.12	35	0.7	254	510	7	150	5								93.7	8.75		
Sinus	30WBA 15.6 BP-8			12	5.6	25.1	9.52	0.6	0.56	1.12	68	0.59	216	510	10	200	8								91.1	17.86		
Sinus	FQ 5294 FX			5	5.5	69.8	1.5	0.23	0.2	1.17	4	1.3	9.43	72	6.5	75									95.1	7.68		
Sinuslive	SW250D_Reihe				7	22	5.2	0.29	0.27	1.302	49	1.068	159	326	12.78	100	4		10	30					90.2	23.33		2017-07-01/Data import
Skaaning	SK170-308	W		7.5	5.49	36.7	1.7	0.36	0.3	2.16	15.98	1.2	47.66	170	7.44	200	2.5				0.24				91.8	10.08		
Skaaning	SK300-304			12	3.4	18.2	1.72	0.31	0.26	4.74	71.24	1.1	396.48	515	9.5	350	5				0.56				94.6	26.54		
Sledghammer	1252DVC			12	5.6	15	4.1	0.39	0.36	1.94	84.58	1.3	533	535	10.7		3				0.15				90.2	20.44		
Sledghammer	15258DVC			15	6.1	22.7	5.82	0.57	0.52	3.28	133.75	0.37	310.87	777	14.34	100	2.75				0.36				91.2	33.71		
Sledghammer	6102	W		6.5	6.6	29.9	7.44	0.45	0.42	0.3	11.97	2.4	49.7	122.6	5.77	50	1.75				0.18				87.5	5.04		
Sledghammer	8252R	W		8	8.88	28.5	2.06	0.45	0.37	2.19	25.17	1.2	68	197.9	9.43	75	2.25								87	10.01		
SoundLevel	QS-216 by REW	W	Active	6.5	3.876	60.5	23.412	0.708	0.688	0.239	14.74	0.47	9.91	122	5.537		5	0			0.824		0.0761	166	90.1	7.91		
SoundLevel	QS-216 by speakerbench.com	W	Active	5.9	3.875	60.51	12.366	0.706	0.668	0.27	14.77	0.459	9.89	122	5.55		5	0.034			0.92	0.031	0.059	411	90.1	7.95		
SoundLevel	QS-216 by VCAD	W	Active	6.5	3.929	60.8	12.226	0.719	0.679	0.275	14.72	0.461	9.88	122	5.542		5	0.033			0.777	0.0211	0.0738	92.1	90	7.82		
Sphynx	boompower300				3.2	34	4.2	0.61	0.53	5.099	100.2	0.219	54	420	10.6	200	5		6	20					91.4	35.11		2017-07-01/Data import
Sphynx	ramses300				3	35	3	0.45	0.39	7.359	100.4	0.206	78	520	12.13	300	3		6	25					95	49.05		2017-07-01/Data import
SPL Dynamics	SPL-460D1A	S	Active	18	1.5	29.14	4.809	0.42	0.386	23.612	437	0.0481	145.6	1464	16.92	1500	11.5	0							98.6	190.86		2022-11-08/Janne Panu
Supravox	285 GMF			12	6.5	47	8	0.39	0.38	0.74	20	0.6	150	471	10.7	70									98.9	17.61		
Supravox	400 GMF			15	6.5	26	10	0.33	0.32	1.14	70	0.48	489	855	15.8	120	10								97.1	38.41		
Supravox	400 GMF Pro			15	6.5	32	9.5	0.27	0.26	1.48	70	0.36	370	855	18	120	10								99.4	49.85		
Swan	305			12	5.2	22.8	9.65	0.42	0.4	1.74	117.4	0.42	166.5	534.9	14.44	200	3.65								90.6	40.1		
Synchron	SYN-519A			5.25	6	57	1.8	0.39	0.32	1.55	7.8	1	14	100	6.55	25	1				0.5				91.5	7.15		
Synchron	SYN-619A	W		6.5	6	53.9	2.1	0.44	0.36	1.66	10.3	0.85	20	130	6.9	30	1				0.47				91.8	7.94		
Synchron	SYN-825A	W		8	6	39.8	1.74	0.36	0.29	2.83	19.7	0.81	50	210	9.13		2								92.7	13.89		
Tang Band	W3-1364SA	F	Active	3	6.6	105	2.48	0.77	0.59	0.472	1.75	1.296	1.88	32	3.15	12	0.5	0			0.008				87.3	1.5		2022-11-08/Janne Panu
Tang Band	W3-871SC	F	Active	3	6.6	110	3.4	0.71	0.59	0.376	2	1.133	1.65	32	3.51	12	0.5	0			0.75				87.7	1.87		2022-11-08/Janne Panu
Tang Band	W4-1658				4	52	5.22	0.38	0.35	0.775	12.4	0.756	5.8	74	6.53	60	4.5		8	28					88.3	10.66		2017-07-01/Data import
Tang Band	W5-1138SMF	W	Active	5	3.4	45	3.56	0.57	0.49	2.569	28.81	0.3867	4.85	94	7.17	80	9.25	0			0.34				84.6	15.12		2022-11-08/Janne Panu
Tang Band	W5-1611SAF	F	Active	5	6.3	60	2.8	0.52	0.44	0.723	5.99	1.31	11.7	94	5.53	56	3		10	16.3	0.023				89.9	4.85		2018-10-01/Kimmo Saunisto
Tang Band	W6-1139SI	S	Active	6.5	3.6	38	2.65	0.47	0.4	3.684	39.9	0.429	11.8	140	8.67	50	13				0.34				86.9	20.88		2017-06-09/Damian Demendecki
Tang Band	W6-1139SIF	S	Active	6.5	3.6	35	2.65	0.47	0.4	4	39.9	0.429	11.8	140	8.47	50	11.5				0.47				85.8	19.93		2017-06-09/Damian Demendecki
Tang Band	W6-1674				5.9	47	4.72	0.5	0.45	1.004	16	0.715	17.7	133	7.48	60	3.5		8.5	26					89	9.48		2017-07-01/Data import
Tang Band	W69-1042J	S	Active	8	6.5	35	6.05	0.37	0.35	1.418	46	0.53	38	226	12.8	90	7				2.28	0.99			89.3	25.21		2017-06-09/Damian Demendecki
Tang Band	W8-1363SB	S	Active	8	3.2	30	3.7	0.35	0.32	6.316	99.8	0.227	15.4	220	13.9	150	12				0.687				86.7	60.38		2017-06-09/Damian Demendecki
Tang Band	W8-1363SBF	S	Active	8	3.2	32	4.26	0.43	0.39	5.926	99.8	0.197	13.4	220	13	150	12				0.82				86.1	52.81		2017-06-09/Damian Demendecki
Tang Band	W8-1747A	S	Active	8	3.6	30	2.15	0.5	0.41	7.215	69.9	0.342	23.2	220	9.97	350	8				0.604				86.4	27.61		2017-06-09/Damian Demendecki
Tang Band	W8-1772				6.7	44	1.37	0.45	0.34	2.586	12.8	1.021	66.7	216	7.26	100	3		8	9					93.8	7.87		2017-07-01/Data import
Tang Band	W8-1880	W		8	6.8	45	1.33	0.66	0.44	2	9.43	1.3	88.14	220	5.28		5				0.05				93.6	4.1		
Tang Band	W8-740C	S	Active	8	3.2	28	10.53	0.3	0.29	1.592	95	0.339	23	220	13.4	120	12				3.18				88.2	56.11		2017-06-09/Damian Demendecki
Tang Band	W8-740P	S	Active	8	3.4	31.9	3.64	0.42	0.38	2.856	43.5	0.48	32.6	220	8.48	120	12				2.79				89.7	21.15	Measured	2017-06-09/Damian Demendecki
Tang Band	W8-740Q	S	Active	8	3.2	32	3.01	0.31	0.28	7.153	105	0.231	15.7	220	14.6	150	12				0.88				88.2	66.61		2017-06-09/Damian Demendecki
The Box Speaker	18-500/8-A			18	5.5	40	7.61	0.45	0.43	6.11	184.9	0.11	208.3	1150	23.8						0.65				98.3	102.99		
Usher	8133	W		8	5.8	26.4	4.26	0.24	0.23	1.14	29.14	1.2	79.5	214	10.7						0.73				91.2	19.74		
Vifa	A13WG-01-04	W		5.25	3	79	2.71	0.72	0.57	1.28	7	0.58	6	86	3.8	40	3				0.5				92.4	4.81		
Vifa	A13WH-01-04	W		5.25	3	108.2	2.97	0.59	0.49	1.47	6.4	0.34	3.5	86	4.7	40	3				0.5				95	7.36		
Vifa	A17WG-01-04	W		6.5	3	59	2.7	0.79	0.61	1.65	12	0.61	15	133	4.1	60	3				0.5				92.2	5.6		
Vifa	BC11WG59-04	W	Active	4.5	3.18	64.6	2.92	0.45	0.39	0.84	6	1.0052	4.99	59.5	4.17	30	3.3				0.17				90.8	5.47	2	2016-03-03/Datasheet Import
Vifa	BC14SG89-08	W	Active	5.25	5.64	59	3.36	0.49	0.43	0.81	7.3	0.995	9.04	80.1	5.58	30	3				0.31				89.3	5.52	1.1	2016-03-03/Datasheet Import
Vifa	BC18SG59-08	W	Active	6.5	5.6	50.01	3.43	0.69	0.57	1.04	11.4	0.889	23.38	136.9	5.41	30	3.9				0.27				89.8	5.23	2	2016-03-03/Datasheet Import
Vifa	BC18WG59-04	W	Active	6.5	3.02	56.12	3.04	0.74	0.6	1.44	12.4	0.6468	17.53	138.9	4.23	30	3.8				0.16				92.4	5.92	1.0	2016-03-03/Datasheet Import
Vifa	BC18WK05-08	W	Active	6.5	5.55	59.35	2.5	0.57	0.46	1.73	11.6	0.6205	16.82	138.9	6.51	30	3.4				0.28				91.5	7.64	1.0	2016-03-03/Datasheet Import
Vifa	C13MH-09-08	M		5.25	5.8	70	2	0.39	0.33	1.17	5.3	0.98	8.52	79	5.9	90	1								92.1	6		
Vifa	C13WG-19-08	W		5.25	5.5	52	1.4	0.52	0.38	1.63	7	1.3	12	80	4.9	50	2				0.7				88.7	4.37		
Vifa	C17WG-29-08	W		6.5	5.5	49.6	4.3	0.71	0.61	0.69	9.5	1.1	31	143	4.8	50	2				0.7				90.9	4.19		
Vifa	C17WG-69-08	W		6.5	5.6	44	2.9	0.68	0.55	1.01	10.6	1.3	35.8	143	4.9	50	3				0.7				90.1	4.29		
Vifa	C20WJ-09-08	W		8	5.8	36	2.7	0.54	0.45	1.41	16.78	1.2	87	231	6.4	70	4				0.9				92.2	7.06		
Vifa	C20WJ-19-08	W		8	5.8	35.8	2.7	0.54	0.45	1.42	17	1.2	87	231	6.4	70	4				0.9				92.1	7.06		
Vifa	K10MD-19-08	M		4.5	5.4	180	1	1.12	0.53	2.83	2.5	0.31	0.81	43	3.7	60	0.65								90	2.54		
Vifa	M10MD-39-08	M		4.5	5.4	110	0.71	0.64	0.34	2.83	2.9	0.72	1.38	37	4.1	80	0.65								88.3	3.11		
Vifa	M110				5.5	140	1.53	0.78	0.52	1.142	2	0.651	2.1	48	3.51	60	0.65		6	12					92.3	2.24		2017-07-01/Data import
Vifa	M13G-09-08	M		5.25	5.6	54	1.5	0.46	0.35	1.47	6.5	1.3	12	80	5.2	35	2				0.7				89.7	4.83		
Vifa	M17SG-09-08	W		6.5	5.6	34	1.36	0.46	0.35	1.71	10.86	2	53	137	5.3	50	3				0.7				90.1	5.02		
Vifa	M17WG09-08	W	Active	6.5	5.57	56.34	3.84	0.9	0.73	1.08	11.7	0.6822	19.59	143	5.05	50	3.9				0.27				89.5	4.58	1.0	2016-03-03/Datasheet Import
Vifa	M21WG-09-08	W		8	5.6	38	4.9	0.8	0.69	0.79	16.18	1.1	81	231	5.2	50	3				0.9				91	4.83		
Vifa	M21WO39-04	W	Active	8	2.83	30.9	2.84	0.33	0.29	1.85	27.1	0.9804	79.67	240.5	6.76	80	5.9				0.24				95	16.15	1.0	2016-03-03/Datasheet Import
Vifa	M25WO-09-08	W		10	5.7	25	3.7	0.31	0.28	1.76	41.42	0.98	164	346	11	80	4				2.2				92.6	21.23		
Vifa	M26WR-09-08	W		10	5.9	26	2.82	0.37	0.32	2.65	45.83	0.82	130	337	11	200	6.5				2.1				91.2	20.51		
Vifa	M26WR-19-04	W		10	3.2	43.1	3.65	0.87	0.7	3.04	41	0.33	53	337	6.4	150	5.5				0.95				92.9	12.8		
Vifa	M30WO-49-08	W		12	5.7	21	2.3	0.25	0.22	3.04	52.91	1.1	400	513	12.7	100	4		14	50	2.1				95.2	28.3		
Vifa	NE123W-04				3.3	66	6.7	0.44	0.41	0.393	6.3	0.916	3.81	54.5	4.44	50	3		4	6					89.8	5.97		2017-07-01/Data import
Vifa	NE123W-08	W	Active	4.5	6.27	61.03	4.98	0.37	0.35	0.37	4.7	1.4332	5.89	54.1	5.53	45	14.2		8	11	0.06				88.6	4.88	1	2016-03-03/Datasheet Import
Vifa	NE149W-04	W	Active	5.25	3.39	70.24	6.34	0.45	0.42	0.79	11.4	0.4511	4.57	85	6.18	60	5		4.5	7	0.06				91.2	11.27	3	2016-03-03/Datasheet Import
Vifa	NE149W-08	W	Active	5.25	6.33	53.94	8.19	0.4	0.38	0.43	10.3	0.8425	8.54	85	7.42	60	5		9	14	0.08				88.3	8.7	1	2016-03-03/Datasheet Import
Vifa	NE149W-08-HS	W	Active	5.25	6.33	53.94	8.19	0.4	0.38	0.43	10.3	0.8425	8.54	85	7.42	85	5				0.08				88.3	8.7	2	2016-03-03/Datasheet Import
Vifa	NE180W-04	W	Active	6.5	3.27	38.7	8.57	0.3	0.29	0.54	19.2	0.8821	22.51	134.8	7.07	80	5		4.8	7.6	0.08				92.3	15.29	2	2016-03-03/Datasheet Import
Vifa	NE180W-08	W	Active	6.5	6.24	42.3	7.41	0.41	0.39	0.59	16.4	0.8639	22.72	136.9	8.17	80	5		9	14	0.12				89.3	10.7	2	2016-03-03/Datasheet Import
Vifa	NE225W-04				3.1	33	9.8	0.35	0.34	0.789	37.3	0.624	45	227	8.28	125	7.5		6	12					92.8	22.12		2017-07-01/Data import
Vifa	NE225W-08	S	Active	8	6.32	31.9	8.84	0.34	0.33	0.81	35.9	0.6934	50.16	227	11.52	160	7.7		9.8	20.4	0.21				89.8	21	1	2016-03-03/Datasheet Import
Vifa	NE225W-08-HS	S	Active	8	6.32	31.9	8.84	0.34	0.33	0.81	35.9	0.6934	50.16	227	11.52	175	7.7				0.21				89.8	21	1.0	2016-03-03/Datasheet Import
Vifa	NE265W-04	S	Active	10	2.86	23.28	13.77	0.3	0.29	1.04	98.2	0.476	72.83	330.1	11.74	150	9		10.2	22	0.4				91.3	48.19	3	2016-03-03/Datasheet Import
Vifa	NE265W-08	S	Active	10	6.24	22.97	10.33	0.31	0.3	1.04	74.1	0.6479	97.21	326.9	14.7	190	9.4				0.53				88.9	34.63	1.0	2016-03-03/Datasheet Import
Vifa	NE265W-08-HS	W	Active	10	6.24	22.97	10.33	0.31	0.3	1.04	74.1	0.6479	97.21	326.9	14.7	190	9.4				0.53				88.9	34.63	1.0	2016-03-03/Datasheet Import
Vifa	NE315W-04	S	Active	12	2.78	19.94	15.6	0.32	0.31	0.91	113.9	0.5592	201.66	506.7	11.12	150	9		10.4	24	0.38				93.6	44.48	1.0	2016-03-03/Datasheet Import
Vifa	NE315W-08	S	Active	12	6.34	20.09	11.72	0.36	0.35	1.51	140.1	0.4478	161.47	506.7	17.68	190	9.4				0.54				88.6	49.3	1	2016-03-03/Datasheet Import
Vifa	NE315W-08-HS	S	Active	12	6.34	20.09	11.72	0.36	0.35	1.51	140.1	0.4478	161.47	506.7	17.68	220	9.4				0.54				88.6	49.3	1.0	2016-03-03/Datasheet Import
Vifa	NE65W-04				3.5	165	5.3	0.74	0.65	0.324	1.7	0.562	0.17	14.7	2.85	20	1.75		4	5.5					85.7	2.32		2017-07-01/Data import
Vifa	NE85W-04				3.7	99	9.1	0.68	0.63	0.149	2.2	1.184	0.81	22.1	2.72	25	1.75		4	6					86	2		2017-07-01/Data import
Vifa	NE95W-04				3.8	97	10.7	0.75	0.7	0.144	2.5	1.065	1.22	28.6	2.79	25	1.75		4	6					86.9	2.05		2017-07-01/Data import
Vifa	P11WH-00-08	W		4.5	5.4	51.4	1.1	0.26	0.21	1.47	5	1.9	10.3	62	5.8	30	3				0.6				91	6.23		
Vifa	P13WG-10-04	W		5.25	3	73.9	2.8	0.73	0.58	1.33	8	0.58	6	86	3.9	40	3				0.5				91.5	5.07		
Vifa	P13WH-00-08	W		5.25	5.7	60	1.38	0.43	0.33	2.05	7.5	0.97	10	86	6	40	4				0.7				90.5	6.32		
Vifa	P17SJ-00-08	W		6.5	5.6	41	1.28	0.48	0.35	2.42	12	1.3	33	136	6	150	4				0.84				90.3	6.43		
Vifa	P17WH-00-08	W		6.5	5.5	40.4	2.17	0.44	0.37	1.44	12.32	1.3	33.1	137	6.24	80					0.6				90.6	7.08		
Vifa	P17WH-09-04	W		6.5	3	64.3	2.61	0.88	0.66	1.7	11	0.56	14.4	136	3.9	50	3				0.5				92.6	5.07		
Vifa	P17WJ-00-08	W		6.5	5.8	37	1.55	0.44	0.34	2.07	13.81	1.3	34.7	136	6.5	70	4				0.55				89.4	7.28		
Vifa	P21WN-29-04	W		8	3.2	50.3	2.8	0.8	0.62	2.6	23	0.43	30	222	5.4	70	4				0.6				92.8	9.11		
Vifa	P21WO-12-08	W		8	5.8	32.7	2.48	0.37	0.32	1.78	21.5	1.1	85	235	8.3	100					0.9				92.4	11.88		
Vifa	P21WO-20-08	W		8	5.7	28	1.6	0.4	0.32	2.43	22.11	1.5	113	235	7.4	80	4				0.9				91.4	9.61		
Vifa	P22WO03-08	W	Active	8	6	46.7	2.49	0.64	0.51	3.28	27.9	0.417	33.35	237.8	8.75	80	2.7				0.31				90.5	12.76	1	2016-03-03/Datasheet Import
Vifa	PL11MG-09-08	M		4.5	5.9	73	2.1	0.68	0.51	1.15	5.27	0.9	4.25	58	4.6	35	1.75				0.43				87.2	3.59		
Vifa	PL11MH-09-08	M		4.5	5.9	73	1.65	0.41	0.33	1.46	5.27	0.9	4.25	58	5.9	35	1.75				0.38				89.4	5.9		
Vifa	PL11WG-09-04	W		4.5	3	67	2.15	0.53	0.43	1.22	6.25	0.9	4.25	58	3.9	35	3				0.36				90.1	5.07		
Vifa	PL11WG-09-08	W		4.5	5.6	67.6	2.18	0.61	0.48	1.2	6.15	0.9	4.25	58	4.9	35	3				0.61				86.9	4.29		
Vifa	PL11WH-09-04	W		4.5	3	67	2.15	0.36	0.31	1.22	6.25	0.9	4.25	58	4.7	35	3				0.31				91.8	7.36		
Vifa	PL11WH-09-08	W		4.5	5.6	67.6	1.74	0.39	0.32	1.5	6.15	0.9	4.25	58	6.1	35	3				0.45				88.8	6.64		
Vifa	PL14WJ-09-04	W		5.25	3.1	43	1.83	0.36	0.3	1.29	8.77	1.6	14	80	4.5	50	3				0.33				91	6.53		
Vifa	PL14WJ-09-08	W		5.25	5.8	43.9	1.79	0.44	0.36	1.29	8.4	1.6	14	80	5.5	50	3				0.49				87.7	5.22		
Vifa	PL18WO-09-04	W		6.5	3	37	2.49	0.34	0.3	1.76	18.81	0.98	24	132	6.21	100	4				0.56				91.8	12.85		
Vifa	PL18WO-09-08	W		6.5	5.8	37.4	2.52	0.43	0.37	1.71	18.36	0.98	24	132	7.66	100	4				0.85				88.1	10.12		
Vifa	PL22WR-09-04	W		8	3.2	25	5.42	0.32	0.3	1.38	47.45	0.85	60	224	8.63	125	4				1.7				90.6	23.27		
Vifa	PL22WR-09-08	W		8	5.9	25.4	5.25	0.36	0.34	1.4	45.9	0.85	60	224	10.9	125	4				2.7				87.7	20.14		
Vifa	PL26WR-09-04	W		10	3.2	25	4.62	0.39	0.36	1.99	58.5	0.69	110	337	8.7	125	4				1.7				92.4	23.65		
Vifa	PL26WR-09-08	W		10	5.9	25.9	4.53	0.44	0.4	1.96	54.5	0.69	110	337	10.9	125	4				2.7				89.7	20.14		
Vifa	TC7FD00-04				3.2	140	3.7	1.22	0.92	0.412	1.7	0.746	0.51	22.1	2	20	1		4	6					86.6	1.25		2017-07-01/Data import
Vifa	TC9FD18-08				6.3	123	2.6	1.5	0.95	0.772	2.6	0.645	1.19	36.3	2.9	20	1.5		6.8	10					84.7	1.33		2017-07-01/Data import
Vifa	TG9FD10-04				3.2	113	3	1.14	0.83	0.672	2.8	0.699	1.29	36.3	2.38	30	2.3		4.8	7.9					88.1	1.77		2017-07-01/Data import
Vifa	TG9FD10-08				6.1	105	1.75	1.23	0.72	1.631	4.3	0.531	0.98	36.3	3.76	30	2.3		6.8	10					82.8	2.32		2017-07-01/Data import
Visaton	AL130	W	Active	5.25	5.6	43	4.37	0.42	0.38	0.57	9	1.485	13	79	5.6	60	6		7.7	11.5	0.9				87.5	5.6	01.10.2015	2016-03-04/Datasheet Import
Visaton	AL130M				5.4	57	4.4	0.52	0.47	0.602	7.4	1.054	9.1	78.5	5.24	90	3		7	10					88.8	5.08		2017-07-01/Data import
Visaton	AL170	W	Active	6.5	5.6	38	3.88	0.43	0.39	0.79	13	1.37	34	133	6.9	70	6		8	20	0.9				89.9	8.5	01.10.2015	2016-03-04/Datasheet Import
Visaton	AL200	W	Active	8	6.6	32	3.73	0.39	0.35	1.13	21	1.176	77	216	8.8	120	7		10.5	38	1.2				90.9	11.73	01.10.2015	2016-03-04/Datasheet Import
Visaton	B200	F	Active	8	5	40	8.39	0.83	0.75	0.3	9.7	1.588	102	214	3.9	40	3.5		5.6	12.5	0.5				93	3.04	01.10.2015	2016-03-04/Datasheet Import
Visaton	BG13P				5.2	168	3.06	1.58	1.04	1.002	2.9	0.309	2	68	3.18	20	0.75		7	12					91.7	1.94		2017-07-01/Data import
Visaton	BG17				6.6	120	2.77	1.05	0.76	1.672	6.1	0.286	8.2	143	5.4	60	1.5		8.2	17					94.1	4.42		2017-07-01/Data import
Visaton	BG20	W	Active	8	6.2	38	3.47	0.51	0.44	0.71	10	1.712	110	214	6.1	40	4		7.5	18	0.8				93.8	6	01.10.2015	2016-03-04/Datasheet Import
Visaton	BGS40				6.5	40	3.1	0.49	0.42	4.996	61.6	0.257	263	855	14.33	300	2		12	37					98.3	31.59		2017-07-01/Data import
Visaton	DSM25FFL				5.9	1330	1.83	1.87	0.92	0.577	0.1	0.113	0.00381	4.9	1.83	30	0.25		6.4	7.2					90.1	0.57		2017-07-01/Data import
Visaton	DSM38FFL				6.2	1000	1.2	0.8	0.48	3.509	0.7	0.038	0.007	11.5	5.71	20	0.5		8	10					92.5	5.26		2017-07-01/Data import
Visaton	DSM50FFL				6.7	430	1.19	0.7	0.44	3.485	1.5	0.089	0.05	20	6.3	40	0.25		7.8	12.6					90.3	5.92		2017-07-01/Data import
Visaton	FR10-4				3.2	92	2.3	0.7	0.54	1.145	4.6	0.657	2.3	50	3.47	30	1.5		4	9					90.1	3.76		2017-07-01/Data import
Visaton	FR10-8				7.2	88	2.3	0.95	0.67	1.197	5	0.657	2.3	50	4.57	30	1.5		8	17					84.6	2.9		2017-07-01/Data import
Visaton	FR10HM-4				3.2	120	5.35	1.44	1.13	0.413	2.9	0.6	2.1	50	2.22	20	1.5		4	8					90	1.54		2017-07-01/Data import
Visaton	FR10HM-8				7.2	120	5.9	1.91	1.44	0.394	3.1	0.571	2	50	2.96	20	1.5		8	14					85	1.22		2017-07-01/Data import
Visaton	FR8JS				7.2	130	4.51	1.74	1.26	0.407	2.2	0.666	0.84	30	2.76	15	1		7.5	13.5					82.7	1.06		2017-07-01/Data import
Visaton	FRS5X				7.7	190	3.49	0.88	0.7	0.228	0.7	1.051	0.23	12.5	2.64	5	1		8	11					84.7	0.91		2017-07-01/Data import
Visaton	FRS7S				7.2	150	5.4	2.01	1.46	0.148	0.8	1.328	0.9	22	1.69	8	1.5		8	13					84.3	0.4		2017-07-01/Data import
Visaton	FRS7W				6.6	160	2.08	0.91	0.63	0.416	0.9	1.151	0.78	22	2.5	8	1		8	13					88.3	0.95		2017-07-01/Data import
Visaton	FRS8-4				3.5	115	3.61	0.85	0.69	0.516	2.6	0.743	1	31	2.77	30	0.25		4	9					88.1	2.19		2017-07-01/Data import
Visaton	FRS8-8				7.2	120	4.85	1.32	1.04	0.409	2.6	0.669	0.9	31	3.29	30	0.25		8	14					83.2	1.5		2017-07-01/Data import
Visaton	FRS8M				7.2	125	3.24	0.58	0.49	0.421	1.7	0.934	1.1	29	4.11	30	0.25		8	17					88.1	2.35		2017-07-01/Data import
Visaton	GF200-2				1.4	35	4.33	0.44	0.4	1.182	23.3	0.889	57	214	4.03	180	7		2.5	8.9					97	11.6		2017-07-01/Data import
Visaton	GF200-4	W	Active	8	2.9	34	4.51	0.93	0.77	0.98	25	0.965	62	214	4.6	120	6		4	10	0.4				90.6	7.3	01.10.2015	2016-03-04/Datasheet Import
Visaton	GF200-8	W	Active	8	5.8	30	4.12	0.37	0.34	1.22	25	1.058	68	214	9.2	120	6		9.5	36	1.1				90.4	14.59	01.10.2015	2016-03-04/Datasheet Import
Visaton	GF250				5.8	29	3.62	0.35	0.32	2.733	54.3	0.555	93	346	12.8	200	6		11.3	41					91.5	28.25		2017-07-01/Data import
Visaton	KT100V	W	Active	4.5	3.6	37	2.22	0.54	0.43	0.81	7.5	2.387	9.8	54.1	3.43	25	2								85.1	3.27	09.11.2015	2016-03-04/Datasheet Import
Visaton	R10S-4				3.4	180	5.53	1.96	1.45	0.37	1.8	0.433	1.9	56	1.88	20	0.5		4	8					93.2	1.04		2017-07-01/Data import
Visaton	R10S-8				7.2	188	6.27	2.92	1.99	0.349	1.9	0.387	1.7	56	2.32	20	0.5		8	14					88.3	0.75		2017-07-01/Data import
Visaton	SC13	W	Active	5.25	7.2	78	2.95	0.94	0.71	0.82	4.8	0.845	7.4	79	4.2	40	3		9	19	0.7				88.2	2.45	01.10.2015	2016-03-04/Datasheet Import
Visaton	SC8N				7	110	3.68	1.31	0.97	0.248	1.3	1.584	1.5	26	2.21	30	0.5		8	14					84.4	0.7		2017-07-01/Data import
Visaton	SL713				3.9	200	8.4	2.4	1.87	0.175	1.2	0.543	1.9	50	1.54	10	1		4	7					93.1	0.61		2017-07-01/Data import
Visaton	TI100	W	Active	4.5	6	62	7.05	0.4	0.38	0.22	4	1.687	6.9	54	4.8	40	4		7	10.5	0.7				89.4	3.84	01.10.2015	2016-03-04/Datasheet Import
Visaton	TIW200XS	W	Active	8	6	30	5.19	0.5	0.46	1.18	33	0.865	51.5	206	8.51	120	11		12	45	1.6				87.7	12.07	01.10.2015	2016-03-04/Datasheet Import
Visaton	TIW250XS	W	Active	10	5.6	33	5.21	0.35	0.33	1.94	48.76	0.477	66	314	13	200	8.5		13	56	1.7				91.9	30.18	01.10.2015	2016-03-04/Datasheet Import
Visaton	TIW300	W	Active	12	5.4	25	4.59	0.3	0.28	3.17	92	0.438	160	510	16.5	300	7.5		13	50	1.7				92.9	50.42	01.10.2015	2016-03-04/Datasheet Import
Visaton	TIW360				5.8	30	4.1	0.31	0.29	2.718	59.1	0.476	135	450	14.44	600	24		15.5	64					94.1	35.95		2017-07-01/Data import
Visaton	W100S-4	W	Active	4.5	3.4	65	3.04	0.54	0.46	0.71	5.3	1.139	4.49	53	3.7	30	2		4.2	12	0.5				89.3	4.03	01.10.2015	2016-03-04/Datasheet Import
Visaton	W100S-8	W	Active	4.5	6.7	63	2.74	0.67	0.54	0.67	4.7	1.373	5.41	53	4.29	30	2		8	19	0.9				85.8	2.75	01.10.2015	2016-03-04/Datasheet Import
Visaton	W130S-4	W	Active	5.25	3.5	50	2.54	0.55	0.45	0.69	5.4	1.822	14	74	3.6	50	2.25		5	13.8	0.6				90.6	3.7	01.10.2015	2016-03-04/Datasheet Import
Visaton	W130S-8	W	Active	5.25	6	52	2.26	0.59	0.47	0.87	6	1.562	12	74	4.6	50	8		7.4	17	0.6				87.8	3.53	01.10.2015	2016-03-04/Datasheet Import
Visaton	W130SC				3.3	49	2.13	0.38	0.32	0.835	5.8	1.826	14	74	3.93	50	2.25		4	13					92.2	4.68		2017-07-01/Data import
Visaton	W13E	W	Active	5.25	7.7	83	3.52	1.56	1.08	0.74	5.1	0.734	7.7	86.5	3.6	40	2				0.8				86.7	1.68	01.10.2015	2016-03-04/Datasheet Import
Visaton	W170				7.2	57	2.92	0.9	0.69	1.047	8.5	0.913	24	137	4.95	70	2		9.4	22					89.4	3.4		2017-07-01/Data import
Visaton	W170S-4	W	Active	6.5	3.2	36	2.16	0.51	0.41	1.26	12	1.628	38	129	4.4	50	4.25		4	14	0.6				91.4	6.05	01.10.2015	2016-03-04/Datasheet Import
Visaton	W170S-8				5.9	36	2.43	0.66	0.52	1.116	12	1.631	38	129	4.92	80	4.3		8	23					87.6	4.1		2017-07-01/Data import
Visaton	W200-4				3.2	49	2.81	0.62	0.51	1.541	14.1	0.75	45	207	4.73	50	2		5	16					95.3	6.99		2017-07-01/Data import
Visaton	W200-8				6.8	46	2.82	0.8	0.62	1.444	14.1	0.85	51	207	5.88	80	2		10	24					90.6	5.08		2017-07-01/Data import
Visaton	W200S-4				3.4	29	3.99	0.38	0.35	1.357	29.7	1.014	65	214	6.96	75	3.5		10	38					91.9	14.25		2017-07-01/Data import
Visaton	W200S-8				6	30	3.6	0.36	0.33	1.35	25.8	1.091	70	214	9	115	3.5		14.5	56					90.5	13.5		2017-07-01/Data import
Visaton	W250				6.8	37	3.57	1	0.78	1.62	24.9	0.744	135	360	6.27	90	3		10	26					91.1	5.78		2017-07-01/Data import
Visaton	W250S-4				3.6	33	2.01	0.43	0.35	2.98	28.9	0.805	135	346	7.08	100	5		8	23					96	13.92		2017-07-01/Data import
Visaton	W250S-8				6.6	31	1.88	0.39	0.32	3.784	36.5	0.722	121	346	10.97	150	5		13	38					92.5	18.23		2017-07-01/Data import
Visaton	W300				6.9	32	2.85	0.68	0.55	3.088	43.8	0.565	190	490	9.45	120	5.25		13	40					92.3	12.94		2017-07-01/Data import
Visaton	W300S-4				3.5	23	1.6	0.3	0.25	5.19	57.5	0.833	300	507	9.84	150	5.25		8	26					96.4	27.66		2017-07-01/Data import
Visaton	W300S-8				6.7	23	1.65	0.42	0.33	4.44	50.7	0.945	340	507	10.81	200	5.3		13	38					92.7	17.44		2017-07-01/Data import
Visaton	WS13E				7.6	83	3.52	1.56	1.08	0.75	5.1	0.726	7.7	87	3.59	60	1		9	19					86.7	1.7		2017-07-01/Data import
Visaton	WS17E-4				3.2	45	2.35	0.9	0.65	1.959	16.3	0.768	22	143	4.05	60	3.5		5	16					89.5	5.13		2017-07-01/Data import
Visaton	WS17E-8				5.8	45	2.2	1.28	0.81	2.093	16.3	0.768	22	143	4.57	60	3.5		8.5	23					85.3	3.6		2017-07-01/Data import
Visaton	WS20E-4				3.3	47	5.56	1.44	1.14	1.26	23.7	0.483	39	240	4.01	80	3		5	18					90.3	4.87		2017-07-01/Data import
Visaton	WS20E-8				6.8	47	5.36	1.59	1.23	1.158	21	0.545	44	240	5.15	80	3		9.5	29					87.3	3.9		2017-07-01/Data import
Visaton	WS25E-4				3.3	32	2.84	1.78	1.09	2.744	38.8	0.638	107	346	3.8	80	5.5		5	16					88.8	4.38		2017-07-01/Data import
Visaton	WS25E-8				5.9	34	2.82	2.92	1.43	2.463	32.5	0.674	113	346	3.75	110	5.5		8	22					85.1	2.38		2017-07-01/Data import
Visaton	WS32AW				6	29	2	0.45	0.37	3.891	42.7	0.705	200	450	10.19	200	3.5		9	34					93.6	17.31		2017-07-01/Data import
Visaton	WS33NG				6	30	1.7	0.38	0.31	4.65	41.9	0.671	192	452	11.17	200	3.5		9	35					94.6	20.79		2017-07-01/Data import
Visaton	WSP21S				5.6	23	4.5	0.23	0.22	0.815	25.4	1.887	121	214	9.45	100	3.5		9	13					91.6	15.95		2017-07-01/Data import
Visaton	WSP26S				5.7	19	3.19	0.38	0.34	1.741	46.5	1.508	230	330	9.13	100	3		9	13					89.7	14.62		2017-07-01/Data import
Voxativ	AC-X_12V				10.7	36.4	3	0.54	0.46	1.375	18	1.06	63	206	9.04	50	2		11.4	15.7					88.2	7.64		2017-07-01/Data import
Wavecor	FR090WA01 HH124				3.2	100	3.3	0.93	0.73	0.552	2.9	0.874	1.5	35	2.5	30	2.25		4	5.7					88.1	1.95		2017-07-01/Data import
Wavecor	PR178WA01	PR	Active	6.5		26	24			0.353	50	0.7	18.1	131			10											2016-03-25/Kimmo Saunisto
Wavecor	PR182BD01	PR	Active	6.5		10	9			0.505	72	3.5	85	131			10										May 7, 2011	2016-03-16/Kimmo Saunisto
Wavecor	PR223BD02	PR	Active	8		15	19			0.809	162	0.69	41.5	206			17											2016-03-25/Kimmo Saunisto
Wavecor	PR263WA01	PR	Active	10		18.5	26			1.14	255	0.29	40.3	314			30											2016-03-25/Kimmo Saunisto
Wavecor	PR270WA01	PR	Active	10		26	24			0.773	112	0.33	45.9	312			20											2016-03-25/Kimmo Saunisto
Wavecor	PR310WA01	PR	Active	12		19	13			2.49	270	0.26	96.3	513			25											2016-03-25/Kimmo Saunisto
Wavecor	SW182BD01	S	Active	6.5	3.2	26.5	8.5	0.36	0.35	1.1	49	0.74	18	131	8.5	125	8				1.5				85.7	22.58		2016-03-25/Kimmo Saunisto
Wavecor	SW182BD02	S	Active	6.5	6.4	30	8	0.37	0.36	1.1	43	0.74	18	131	11.5	125	8				2.5				84.2	20.66	September 8, 2010	2016-03-16/Kimmo Saunisto
Wavecor	SW182BD03	S	Active	6.5	3	35.1	13.3	0.45	0.44	0.66	39.5	0.52	12.7	131	7.6	125	7				1				87.1	19.25		2016-03-25/Kimmo Saunisto
Wavecor	SW182BD04	S	Active	6.5	6.4	37.2	12.6	0.51	0.49	0.66	35.2	0.52	12.7	131	10.2	125	7				1.7				84	16.26		2016-03-25/Kimmo Saunisto
Wavecor	SW215WA01	S	Active	8	3.2	32	12	0.49	0.47	0.89	53	0.46	27.7	206	8.4	150	10				1.2				88.7	22.05		2016-03-25/Kimmo Saunisto
Wavecor	SW223BD02	S	Active	8	3.5	24	10.7	0.42	0.4	1.32	97	0.47	28	206	11	200	11.7				0.8				85.2	34.57		2016-03-25/Kimmo Saunisto
Wavecor	SW223BD03	S	Active	8	6	25	10.2	0.48	0.46	1.33	89	0.47	28	206	13.22	200	11.7				1.16				82.8	29.13		2016-03-25/Kimmo Saunisto
Wavecor	SW263WA01	S	Active	10	3.4	27	8.8	0.5	0.46	3.4	173	0.2	28	314	14.2	200	12				1.5				86.1	59.31		2016-03-25/Kimmo Saunisto
Wavecor	SW263WA03	S	Active	10	6.3	20.5	10	0.37	0.36	2.1	158	0.38	53	314	18.7	200	12				2.5				84	55.51		2016-03-25/Kimmo Saunisto
Wavecor	SW270WA01	S	Active	10	3.2	28	8.1	0.53	0.49	1.9	88	0.37	51	312	9.7	150	11				1.4				89.2	29.4		2016-03-25/Kimmo Saunisto
Wavecor	SW312WA03	S	Active	12	3.2	28	11.5	0.5	0.48	2.8	185	0.18	61	488	14.5	250	11.5				1.55				90.3	65.7		2016-03-25/Kimmo Saunisto
Wavecor	SW312WA04	S	Active	12	6.6	29	11	0.6	0.57	2.8	172	0.18	61	488	18.4	250	11.5				2.5				86.8	51.3		2016-03-25/Kimmo Saunisto
Wavecor	WF120BD03/07	W	Active	4.5	3.2	61.5	6	0.4	0.37	0.42	6.55	1.03	4.25	54	4.5	50	4				0.086				89.9	6.33		2016-03-25/Kimmo Saunisto
Wavecor	WF120BD04/08	W	Active	4.5	6	63	5.9	0.49	0.45	0.42	6.25	1.03	4.25	54	5.5	50	4				0.14				86.6	5.04		2016-03-25/Kimmo Saunisto
Wavecor	WF120BD05/09	W	Active	4.5	3.2	48	7.4	0.42	0.4	0.3	7.3	1.5	6.2	54	4.1	60	4.5				0.087				88.1	5.25		2016-03-25/Kimmo Saunisto
Wavecor	WF120BD06/10	W	Active	4.5	6.4	50	7	0.5	0.47	0.3	6.7	1.5	6.2	54	5.2	60	4.5				0.16				84.9	4.23		2016-03-25/Kimmo Saunisto
Wavecor	WF152BD03	W	Active	5.25	3.2	50	7.5	0.33	0.31	0.46	11	0.93	11.4	93	5.8	70	4.5				0.096				92.3	10.51		2016-03-25/Kimmo Saunisto
Wavecor	WF152BD04	W	Active	5.25	6.3	51	7.3	0.4	0.38	0.46	10.6	0.93	11.4	93	7.3	70	4.5				0.15				88.8	8.46		2016-03-25/Kimmo Saunisto
Wavecor	WF152BD05	W	Active	5.25	3.2	44.5	8.2	0.3	0.29	0.46	13.5	0.94	11.5	93	6.35	70	4.5				0.11				91.3	12.6		2016-03-25/Kimmo Saunisto
Wavecor	WF152BD06	W	Active	5.25	6.3	46	8	0.36	0.35	0.46	12.8	0.94	11.5	93	8	70	4.5				0.19				88	10.16		2016-03-25/Kimmo Saunisto
Wavecor	WF182BD03/07	W	Active	6.5	3.3	33.8	8.2	0.26	0.25	0.43	16.7	1.33	32.4	131	6.75	80	4.5				0.088				92.7	13.81		2016-03-25/Kimmo Saunisto
Wavecor	WF182BD04/08	W	Active	6.5	6.3	33.4	8.1	0.3	0.29	0.43	16.1	1.33	32.4	131	8.5	80	4.5				0.14				89.1	11.47		2016-03-25/Kimmo Saunisto
Wavecor	WF182BD09/11	W	Active	6.5	3.2	28.5	9.1	0.32	0.31	0.46	23.4	1.33	32.4	131	6.5	80	5.5				0.1				89.7	13.2		2016-03-25/Kimmo Saunisto
Wavecor	WF182BD10/12	W	Active	6.5	6.4	29.5	8.8	0.38	0.37	0.46	21.9	1.33	32.4	131	8.2	80	5.5				0.17				86.4	10.51		2016-03-25/Kimmo Saunisto
Wavecor	WF223BD01	W	Active	8	3.4	32.6	14.5	0.4	0.39	0.48	34	0.7	45	213	7.7	150	6.5				0				91.6	17.44		2016-03-25/Kimmo Saunisto
Wavecor	WF223BD02	W	Active	8	6.2	33.1	14.3	0.47	0.46	0.48	33	0.7	45	213	9.5	150	6.5				0				88.5	14.56		2016-03-25/Kimmo Saunisto
WHD	BMT100-19				3.4	80	2.23	0.54	0.43	0.778	3.5	1.146	5.4	58	3.31	40	1		4.5	9.5					92.8	3.22		2017-07-01/Data import
WHD	BMT130-19				7.8	190	1.9	1.49	0.84	0.923	1.5	0.478	4.5	82	3.03	50	1		9.5	18					95.3	1.18		2017-07-01/Data import
Zachry	13 K 6	M		4	5.4	58.5	1.9	0.72	0.52	1.37	7.06	1	10.59	85	4.4	100					0.42				88.4	3.59		
Zachry	25 K 40			10	3.2	42	2.71	0.95	0.7	2.21	22.74	0.63	102.2	340	4.5	150					0.42				95	6.33		
Zachry	30 K 40			12	3.2	40.8	4.39	0.46	0.42	2.44	41.71	0.36	122.5	490	8.59	150					1.1				98.6	23.06		
Zachry	38 K 50			15	5.2	25.6	4.46	0.57	0.5	2.34	64.71	0.6	581	835	9.78	150					1.62				96.2	18.39		
Zachry	BOXER 10			10	3.4	24	2.77	0.18	0.17	2.02	37.08	1.2	203.3	350	10.14	150					1.26				97.7	30.24		
Zachry	BOXER 12			12	3.3	25.5	3.61	0.23	0.22	2.34	52.56	0.74	228.6	470	10.9	200					1.2				98	36		
Zachry	BOXER 6	W		6.5	3.4	38.4	2.63	0.35	0.31	1.53	16.71	1	23.21	127	6.29	100					0.52				91.5	11.64		
Zachry	BOXER 8	W		8	3.8	32.6	2.46	0.36	0.32	1.99	23.95	1	61.58	210	7.16	150					0.51				93	13.49		
Zachry	BX 108	W		8	3.6	40.8	3.42	0.73	0.6	1.7	22.69	0.67	56.8	246	5.34	150					0.4				92.7	7.92		
Zachry	BX 110			10	3.4	34.6	2.63	0.44	0.38	3.45	41.74	0.51	89	354	8.36	200					0.54				94.9	20.56		
Zachry	BX 112			12	3.6	30.3	2.66	0.49	0.42	4.38	61.21	0.45	167.1	515	9.23	250					0.58				95.2	23.66		
Zachry	MACH 10			10	3.8	26.1	5.69	0.32	0.3	1.03	35.77	1	181.5	353	8.41	200					0.6				95.3	18.61		
Zachry	MACH 12			12	3.9	26.5	5.82	0.39	0.37	1.47	51.32	0.71	256.9	510	9.21	250					0.77				96	21.75		
Zachry	MACH 6	W		6.5	3.8	46.6	6.45	0.35	0.33	0.9	19.76	0.59	15.3	136	7.95	150					0.58				91.7	16.63		
Zachry	MACH 8	W		8	3.8	40.7	4.9	0.27	0.26	1.33	25.6	0.6	36.95	210	9.51	150					0.67				94.9	23.8		
Zaph Audio	ZA14W08			5	7.1	65.8	2.13	0.56	0.44	1.4	7.2	0.81	5.23	68	6.15										86.8	5.33		
